variable_name,role,feature_family,used_in_current_frozen_pipeline,source_location,notes
albumin_filled_by_locf,implementation_only,carry_forward_qc,yes,src/chapter1_mortality_decomposition/carry_forward.py; src/chapter1_mortality_decomposition/model_ready.py,Carry-forward provenance flag indicating the base variable value was filled by bounded LOCF.
albumin_missing_after_locf,implementation_only,carry_forward_qc,yes,src/chapter1_mortality_decomposition/carry_forward.py; src/chapter1_mortality_decomposition/model_ready.py,Carry-forward QC flag indicating the base variable remains missing after bounded LOCF.
albumin_observed_in_block,implementation_only,carry_forward_qc,yes,src/chapter1_mortality_decomposition/carry_forward.py; src/chapter1_mortality_decomposition/model_ready.py,Carry-forward provenance flag indicating the base variable was observed in the current block.
base_excess_art_filled_by_locf,implementation_only,carry_forward_qc,yes,src/chapter1_mortality_decomposition/carry_forward.py; src/chapter1_mortality_decomposition/model_ready.py,Carry-forward provenance flag indicating the base variable value was filled by bounded LOCF.
base_excess_art_missing_after_locf,implementation_only,carry_forward_qc,yes,src/chapter1_mortality_decomposition/carry_forward.py; src/chapter1_mortality_decomposition/model_ready.py,Carry-forward QC flag indicating the base variable remains missing after bounded LOCF.
base_excess_art_observed_in_block,implementation_only,carry_forward_qc,yes,src/chapter1_mortality_decomposition/carry_forward.py; src/chapter1_mortality_decomposition/model_ready.py,Carry-forward provenance flag indicating the base variable was observed in the current block.
bicarbonate_art_filled_by_locf,implementation_only,carry_forward_qc,yes,src/chapter1_mortality_decomposition/carry_forward.py; src/chapter1_mortality_decomposition/model_ready.py,Carry-forward provenance flag indicating the base variable value was filled by bounded LOCF.
bicarbonate_art_missing_after_locf,implementation_only,carry_forward_qc,yes,src/chapter1_mortality_decomposition/carry_forward.py; src/chapter1_mortality_decomposition/model_ready.py,Carry-forward QC flag indicating the base variable remains missing after bounded LOCF.
bicarbonate_art_observed_in_block,implementation_only,carry_forward_qc,yes,src/chapter1_mortality_decomposition/carry_forward.py; src/chapter1_mortality_decomposition/model_ready.py,Carry-forward provenance flag indicating the base variable was observed in the current block.
bilirubin_total_filled_by_locf,implementation_only,carry_forward_qc,yes,src/chapter1_mortality_decomposition/carry_forward.py; src/chapter1_mortality_decomposition/model_ready.py,Carry-forward provenance flag indicating the base variable value was filled by bounded LOCF.
bilirubin_total_missing_after_locf,implementation_only,carry_forward_qc,yes,src/chapter1_mortality_decomposition/carry_forward.py; src/chapter1_mortality_decomposition/model_ready.py,Carry-forward QC flag indicating the base variable remains missing after bounded LOCF.
bilirubin_total_observed_in_block,implementation_only,carry_forward_qc,yes,src/chapter1_mortality_decomposition/carry_forward.py; src/chapter1_mortality_decomposition/model_ready.py,Carry-forward provenance flag indicating the base variable was observed in the current block.
block_end_h,implementation_only,timing_and_censoring,yes,src/chapter1_mortality_decomposition/instances.py; src/chapter1_mortality_decomposition/model_ready.py,Block end time in hours from ICU admission.
block_end_not_after_icu_end_proxy,implementation_only,valid_instance_qc,yes,src/chapter1_mortality_decomposition/instances.py,Censoring validity check against proxy ICU end time.
block_exists_structurally,implementation_only,valid_instance_qc,yes,src/chapter1_mortality_decomposition/instances.py,Structural instance-existence flag.
block_index,implementation_only,instance_keys,yes,src/chapter1_mortality_decomposition/instances.py; src/chapter1_mortality_decomposition/model_ready.py,8-hour block index within stay.
block_start_h,implementation_only,timing_and_censoring,yes,src/chapter1_mortality_decomposition/instances.py; src/chapter1_mortality_decomposition/model_ready.py,Block start time in hours from ICU admission.
blood_pressure_group_observed_in_block,implementation_only,valid_instance_qc,yes,src/chapter1_mortality_decomposition/instances.py,Core-vital coverage flag for the blood-pressure group.
cardiac_rate_group_observed_in_block,implementation_only,valid_instance_qc,yes,src/chapter1_mortality_decomposition/instances.py,Core-vital coverage flag for the cardiac-rate group.
core_temp_filled_by_locf,implementation_only,carry_forward_qc,yes,src/chapter1_mortality_decomposition/carry_forward.py; src/chapter1_mortality_decomposition/model_ready.py,Carry-forward provenance flag indicating the base variable value was filled by bounded LOCF.
core_temp_missing_after_locf,implementation_only,carry_forward_qc,yes,src/chapter1_mortality_decomposition/carry_forward.py; src/chapter1_mortality_decomposition/model_ready.py,Carry-forward QC flag indicating the base variable remains missing after bounded LOCF.
core_temp_observed_in_block,implementation_only,carry_forward_qc,yes,src/chapter1_mortality_decomposition/carry_forward.py; src/chapter1_mortality_decomposition/model_ready.py,Carry-forward provenance flag indicating the base variable was observed in the current block.
core_vital_coverage_sufficient,implementation_only,valid_instance_qc,yes,src/chapter1_mortality_decomposition/instances.py,Whether the current block meets the minimum core-group coverage rule.
covered_core_vital_group_count,implementation_only,valid_instance_qc,yes,src/chapter1_mortality_decomposition/instances.py,Number of core physiologic groups observed in the current block.
creatinine_filled_by_locf,implementation_only,carry_forward_qc,yes,src/chapter1_mortality_decomposition/carry_forward.py; src/chapter1_mortality_decomposition/model_ready.py,Carry-forward provenance flag indicating the base variable value was filled by bounded LOCF.
creatinine_missing_after_locf,implementation_only,carry_forward_qc,yes,src/chapter1_mortality_decomposition/carry_forward.py; src/chapter1_mortality_decomposition/model_ready.py,Carry-forward QC flag indicating the base variable remains missing after bounded LOCF.
creatinine_observed_in_block,implementation_only,carry_forward_qc,yes,src/chapter1_mortality_decomposition/carry_forward.py; src/chapter1_mortality_decomposition/model_ready.py,Carry-forward provenance flag indicating the base variable was observed in the current block.
crp_filled_by_locf,implementation_only,carry_forward_qc,yes,src/chapter1_mortality_decomposition/carry_forward.py; src/chapter1_mortality_decomposition/model_ready.py,Carry-forward provenance flag indicating the base variable value was filled by bounded LOCF.
crp_missing_after_locf,implementation_only,carry_forward_qc,yes,src/chapter1_mortality_decomposition/carry_forward.py; src/chapter1_mortality_decomposition/model_ready.py,Carry-forward QC flag indicating the base variable remains missing after bounded LOCF.
crp_observed_in_block,implementation_only,carry_forward_qc,yes,src/chapter1_mortality_decomposition/carry_forward.py; src/chapter1_mortality_decomposition/model_ready.py,Carry-forward provenance flag indicating the base variable was observed in the current block.
dbp_filled_by_locf,implementation_only,carry_forward_qc,yes,src/chapter1_mortality_decomposition/carry_forward.py; src/chapter1_mortality_decomposition/model_ready.py,Carry-forward provenance flag indicating the base variable value was filled by bounded LOCF.
dbp_missing_after_locf,implementation_only,carry_forward_qc,yes,src/chapter1_mortality_decomposition/carry_forward.py; src/chapter1_mortality_decomposition/model_ready.py,Carry-forward QC flag indicating the base variable remains missing after bounded LOCF.
dbp_observed_in_block,implementation_only,carry_forward_qc,yes,src/chapter1_mortality_decomposition/carry_forward.py; src/chapter1_mortality_decomposition/model_ready.py,Carry-forward provenance flag indicating the base variable was observed in the current block.
etco2_filled_by_locf,implementation_only,carry_forward_qc,yes,src/chapter1_mortality_decomposition/carry_forward.py; src/chapter1_mortality_decomposition/model_ready.py,Carry-forward provenance flag indicating the base variable value was filled by bounded LOCF.
etco2_missing_after_locf,implementation_only,carry_forward_qc,yes,src/chapter1_mortality_decomposition/carry_forward.py; src/chapter1_mortality_decomposition/model_ready.py,Carry-forward QC flag indicating the base variable remains missing after bounded LOCF.
etco2_observed_in_block,implementation_only,carry_forward_qc,yes,src/chapter1_mortality_decomposition/carry_forward.py; src/chapter1_mortality_decomposition/model_ready.py,Carry-forward provenance flag indicating the base variable was observed in the current block.
etco2_ventilation_window_active,implementation_only,carry_forward_qc,yes,src/chapter1_mortality_decomposition/carry_forward.py; src/chapter1_mortality_decomposition/model_ready.py; ../icu-data-platform/artifacts/asic_harmonized/qc/mech_vent_ge_24h_episode_level.csv,Ventilator-only LOCF gating flag; true when the prediction block overlaps a ventilation episode window.
event_time_proxy_h,implementation_only,label_metadata,yes,src/chapter1_mortality_decomposition/labels.py,Proxy event time used to define within-horizon mortality labels.
exclusion_reason,implementation_only,valid_instance_qc,yes,src/chapter1_mortality_decomposition/instances.py,String summary of invalid-instance reasons.
exclusion_reasons,implementation_only,valid_instance_qc,yes,src/chapter1_mortality_decomposition/instances.py,List-valued bookkeeping for why a candidate instance is invalid.
feature_set_name,implementation_only,feature_set_metadata,yes,src/chapter1_mortality_decomposition/model_ready.py,Identifies whether the row belongs to the primary or extended model-ready export.
fio2_filled_by_locf,implementation_only,carry_forward_qc,yes,src/chapter1_mortality_decomposition/carry_forward.py; src/chapter1_mortality_decomposition/model_ready.py,Carry-forward provenance flag indicating the base variable value was filled by bounded LOCF.
fio2_missing_after_locf,implementation_only,carry_forward_qc,yes,src/chapter1_mortality_decomposition/carry_forward.py; src/chapter1_mortality_decomposition/model_ready.py,Carry-forward QC flag indicating the base variable remains missing after bounded LOCF.
fio2_observed_in_block,implementation_only,carry_forward_qc,yes,src/chapter1_mortality_decomposition/carry_forward.py; src/chapter1_mortality_decomposition/model_ready.py,Carry-forward provenance flag indicating the base variable was observed in the current block.
fio2_ventilation_window_active,implementation_only,carry_forward_qc,yes,src/chapter1_mortality_decomposition/carry_forward.py; src/chapter1_mortality_decomposition/model_ready.py; ../icu-data-platform/artifacts/asic_harmonized/qc/mech_vent_ge_24h_episode_level.csv,Ventilator-only LOCF gating flag; true when the prediction block overlaps a ventilation episode window.
future_window_end_h,implementation_only,timing_and_censoring,yes,src/chapter1_mortality_decomposition/instances.py; src/chapter1_mortality_decomposition/labels.py,Prediction-time plus horizon; used for proxy label construction.
has_icu_end_time_proxy,implementation_only,valid_instance_qc,yes,src/chapter1_mortality_decomposition/instances.py,Required-field check for proxy ICU end time.
heart_rate_filled_by_locf,implementation_only,carry_forward_qc,yes,src/chapter1_mortality_decomposition/carry_forward.py; src/chapter1_mortality_decomposition/model_ready.py,Carry-forward provenance flag indicating the base variable value was filled by bounded LOCF.
heart_rate_missing_after_locf,implementation_only,carry_forward_qc,yes,src/chapter1_mortality_decomposition/carry_forward.py; src/chapter1_mortality_decomposition/model_ready.py,Carry-forward QC flag indicating the base variable remains missing after bounded LOCF.
heart_rate_observed_in_block,implementation_only,carry_forward_qc,yes,src/chapter1_mortality_decomposition/carry_forward.py; src/chapter1_mortality_decomposition/model_ready.py,Carry-forward provenance flag indicating the base variable was observed in the current block.
hematocrit_filled_by_locf,implementation_only,carry_forward_qc,yes,src/chapter1_mortality_decomposition/carry_forward.py; src/chapter1_mortality_decomposition/model_ready.py,Carry-forward provenance flag indicating the base variable value was filled by bounded LOCF.
hematocrit_missing_after_locf,implementation_only,carry_forward_qc,yes,src/chapter1_mortality_decomposition/carry_forward.py; src/chapter1_mortality_decomposition/model_ready.py,Carry-forward QC flag indicating the base variable remains missing after bounded LOCF.
hematocrit_observed_in_block,implementation_only,carry_forward_qc,yes,src/chapter1_mortality_decomposition/carry_forward.py; src/chapter1_mortality_decomposition/model_ready.py,Carry-forward provenance flag indicating the base variable was observed in the current block.
hemoglobin_filled_by_locf,implementation_only,carry_forward_qc,yes,src/chapter1_mortality_decomposition/carry_forward.py; src/chapter1_mortality_decomposition/model_ready.py,Carry-forward provenance flag indicating the base variable value was filled by bounded LOCF.
hemoglobin_missing_after_locf,implementation_only,carry_forward_qc,yes,src/chapter1_mortality_decomposition/carry_forward.py; src/chapter1_mortality_decomposition/model_ready.py,Carry-forward QC flag indicating the base variable remains missing after bounded LOCF.
hemoglobin_observed_in_block,implementation_only,carry_forward_qc,yes,src/chapter1_mortality_decomposition/carry_forward.py; src/chapter1_mortality_decomposition/model_ready.py,Carry-forward provenance flag indicating the base variable was observed in the current block.
horizon_h,implementation_only,timing_and_censoring,yes,src/chapter1_mortality_decomposition/instances.py; src/chapter1_mortality_decomposition/labels.py; src/chapter1_mortality_decomposition/model_ready.py,Prediction horizon in hours.
hospital_id,implementation_only,instance_keys,yes,src/chapter1_mortality_decomposition/cohort.py; src/chapter1_mortality_decomposition/instances.py; src/chapter1_mortality_decomposition/model_ready.py,Hospital/site join key.
icu_end_time_proxy_hours,implementation_only,timing_and_censoring,yes,src/chapter1_mortality_decomposition/cohort.py; src/chapter1_mortality_decomposition/instances.py; src/chapter1_mortality_decomposition/labels.py,Proxy ICU end time used for censoring and proxy label construction.
inr_filled_by_locf,implementation_only,carry_forward_qc,yes,src/chapter1_mortality_decomposition/carry_forward.py; src/chapter1_mortality_decomposition/model_ready.py,Carry-forward provenance flag indicating the base variable value was filled by bounded LOCF.
inr_missing_after_locf,implementation_only,carry_forward_qc,yes,src/chapter1_mortality_decomposition/carry_forward.py; src/chapter1_mortality_decomposition/model_ready.py,Carry-forward QC flag indicating the base variable remains missing after bounded LOCF.
inr_observed_in_block,implementation_only,carry_forward_qc,yes,src/chapter1_mortality_decomposition/carry_forward.py; src/chapter1_mortality_decomposition/model_ready.py,Carry-forward provenance flag indicating the base variable was observed in the current block.
instance_id,implementation_only,instance_keys,yes,src/chapter1_mortality_decomposition/instances.py; src/chapter1_mortality_decomposition/labels.py; src/chapter1_mortality_decomposition/model_ready.py,Horizon-specific prediction-instance identifier.
label_available,implementation_only,label_metadata,yes,src/chapter1_mortality_decomposition/labels.py,Alias of proxy labelability retained in the label table.
label_definition_id,implementation_only,label_metadata,yes,src/chapter1_mortality_decomposition/labels.py,Versioned label-definition identifier.
label_definition_status,implementation_only,label_metadata,yes,src/chapter1_mortality_decomposition/labels.py,Proxy-label approval status.
label_name,implementation_only,label_metadata,yes,src/chapter1_mortality_decomposition/labels.py,Human-readable label name.
label_semantics,implementation_only,label_metadata,yes,src/chapter1_mortality_decomposition/labels.py,Free-text description of the proxy label semantics.
label_value,implementation_only,label_metadata,yes,src/chapter1_mortality_decomposition/labels.py; src/chapter1_mortality_decomposition/model_ready.py,Binary proxy within-horizon ICU mortality label.
lactate_art_filled_by_locf,implementation_only,carry_forward_qc,yes,src/chapter1_mortality_decomposition/carry_forward.py; src/chapter1_mortality_decomposition/model_ready.py,Carry-forward provenance flag indicating the base variable value was filled by bounded LOCF.
lactate_art_missing_after_locf,implementation_only,carry_forward_qc,yes,src/chapter1_mortality_decomposition/carry_forward.py; src/chapter1_mortality_decomposition/model_ready.py,Carry-forward QC flag indicating the base variable remains missing after bounded LOCF.
lactate_art_observed_in_block,implementation_only,carry_forward_qc,yes,src/chapter1_mortality_decomposition/carry_forward.py; src/chapter1_mortality_decomposition/model_ready.py,Carry-forward provenance flag indicating the base variable was observed in the current block.
map_filled_by_locf,implementation_only,carry_forward_qc,yes,src/chapter1_mortality_decomposition/carry_forward.py; src/chapter1_mortality_decomposition/model_ready.py,Carry-forward provenance flag indicating the base variable value was filled by bounded LOCF.
map_missing_after_locf,implementation_only,carry_forward_qc,yes,src/chapter1_mortality_decomposition/carry_forward.py; src/chapter1_mortality_decomposition/model_ready.py,Carry-forward QC flag indicating the base variable remains missing after bounded LOCF.
map_observed_in_block,implementation_only,carry_forward_qc,yes,src/chapter1_mortality_decomposition/carry_forward.py; src/chapter1_mortality_decomposition/model_ready.py,Carry-forward provenance flag indicating the base variable was observed in the current block.
mech_vent_ge_24h_qc,implementation_only,cohort_gate,yes,src/chapter1_mortality_decomposition/cohort.py; src/chapter1_mortality_decomposition/instances.py,Upstream mechanical-ventilation>=24h cohort gate carried forward for QC.
oxygenation_group_observed_in_block,implementation_only,valid_instance_qc,yes,src/chapter1_mortality_decomposition/instances.py,Core-vital coverage flag for the oxygenation group.
paco2_filled_by_locf,implementation_only,carry_forward_qc,yes,src/chapter1_mortality_decomposition/carry_forward.py; src/chapter1_mortality_decomposition/model_ready.py,Carry-forward provenance flag indicating the base variable value was filled by bounded LOCF.
paco2_missing_after_locf,implementation_only,carry_forward_qc,yes,src/chapter1_mortality_decomposition/carry_forward.py; src/chapter1_mortality_decomposition/model_ready.py,Carry-forward QC flag indicating the base variable remains missing after bounded LOCF.
paco2_observed_in_block,implementation_only,carry_forward_qc,yes,src/chapter1_mortality_decomposition/carry_forward.py; src/chapter1_mortality_decomposition/model_ready.py,Carry-forward provenance flag indicating the base variable was observed in the current block.
pao2_filled_by_locf,implementation_only,carry_forward_qc,yes,src/chapter1_mortality_decomposition/carry_forward.py; src/chapter1_mortality_decomposition/model_ready.py,Carry-forward provenance flag indicating the base variable value was filled by bounded LOCF.
pao2_missing_after_locf,implementation_only,carry_forward_qc,yes,src/chapter1_mortality_decomposition/carry_forward.py; src/chapter1_mortality_decomposition/model_ready.py,Carry-forward QC flag indicating the base variable remains missing after bounded LOCF.
pao2_observed_in_block,implementation_only,carry_forward_qc,yes,src/chapter1_mortality_decomposition/carry_forward.py; src/chapter1_mortality_decomposition/model_ready.py,Carry-forward provenance flag indicating the base variable was observed in the current block.
peep_filled_by_locf,implementation_only,carry_forward_qc,yes,src/chapter1_mortality_decomposition/carry_forward.py; src/chapter1_mortality_decomposition/model_ready.py,Carry-forward provenance flag indicating the base variable value was filled by bounded LOCF.
peep_missing_after_locf,implementation_only,carry_forward_qc,yes,src/chapter1_mortality_decomposition/carry_forward.py; src/chapter1_mortality_decomposition/model_ready.py,Carry-forward QC flag indicating the base variable remains missing after bounded LOCF.
peep_observed_in_block,implementation_only,carry_forward_qc,yes,src/chapter1_mortality_decomposition/carry_forward.py; src/chapter1_mortality_decomposition/model_ready.py,Carry-forward provenance flag indicating the base variable was observed in the current block.
peep_ventilation_window_active,implementation_only,carry_forward_qc,yes,src/chapter1_mortality_decomposition/carry_forward.py; src/chapter1_mortality_decomposition/model_ready.py; ../icu-data-platform/artifacts/asic_harmonized/qc/mech_vent_ge_24h_episode_level.csv,Ventilator-only LOCF gating flag; true when the prediction block overlaps a ventilation episode window.
pf_ratio_filled_by_locf,implementation_only,carry_forward_qc,yes,src/chapter1_mortality_decomposition/carry_forward.py; src/chapter1_mortality_decomposition/model_ready.py,Carry-forward provenance flag indicating the base variable value was filled by bounded LOCF.
pf_ratio_missing_after_locf,implementation_only,carry_forward_qc,yes,src/chapter1_mortality_decomposition/carry_forward.py; src/chapter1_mortality_decomposition/model_ready.py,Carry-forward QC flag indicating the base variable remains missing after bounded LOCF.
pf_ratio_observed_in_block,implementation_only,carry_forward_qc,yes,src/chapter1_mortality_decomposition/carry_forward.py; src/chapter1_mortality_decomposition/model_ready.py,Carry-forward provenance flag indicating the base variable was observed in the current block.
ph_art_filled_by_locf,implementation_only,carry_forward_qc,yes,src/chapter1_mortality_decomposition/carry_forward.py; src/chapter1_mortality_decomposition/model_ready.py,Carry-forward provenance flag indicating the base variable value was filled by bounded LOCF.
ph_art_missing_after_locf,implementation_only,carry_forward_qc,yes,src/chapter1_mortality_decomposition/carry_forward.py; src/chapter1_mortality_decomposition/model_ready.py,Carry-forward QC flag indicating the base variable remains missing after bounded LOCF.
ph_art_observed_in_block,implementation_only,carry_forward_qc,yes,src/chapter1_mortality_decomposition/carry_forward.py; src/chapter1_mortality_decomposition/model_ready.py,Carry-forward provenance flag indicating the base variable was observed in the current block.
platelets_filled_by_locf,implementation_only,carry_forward_qc,yes,src/chapter1_mortality_decomposition/carry_forward.py; src/chapter1_mortality_decomposition/model_ready.py,Carry-forward provenance flag indicating the base variable value was filled by bounded LOCF.
platelets_missing_after_locf,implementation_only,carry_forward_qc,yes,src/chapter1_mortality_decomposition/carry_forward.py; src/chapter1_mortality_decomposition/model_ready.py,Carry-forward QC flag indicating the base variable remains missing after bounded LOCF.
platelets_observed_in_block,implementation_only,carry_forward_qc,yes,src/chapter1_mortality_decomposition/carry_forward.py; src/chapter1_mortality_decomposition/model_ready.py,Carry-forward provenance flag indicating the base variable was observed in the current block.
prediction_time_h,implementation_only,timing_and_censoring,yes,src/chapter1_mortality_decomposition/instances.py; src/chapter1_mortality_decomposition/model_ready.py,Prediction anchor time in hours from ICU admission.
proxy_horizon_labelable,implementation_only,label_metadata,yes,src/chapter1_mortality_decomposition/labels.py,Whether the instance receives a usable proxy label.
ptt_filled_by_locf,implementation_only,carry_forward_qc,yes,src/chapter1_mortality_decomposition/carry_forward.py; src/chapter1_mortality_decomposition/model_ready.py,Carry-forward provenance flag indicating the base variable value was filled by bounded LOCF.
ptt_missing_after_locf,implementation_only,carry_forward_qc,yes,src/chapter1_mortality_decomposition/carry_forward.py; src/chapter1_mortality_decomposition/model_ready.py,Carry-forward QC flag indicating the base variable remains missing after bounded LOCF.
ptt_observed_in_block,implementation_only,carry_forward_qc,yes,src/chapter1_mortality_decomposition/carry_forward.py; src/chapter1_mortality_decomposition/model_ready.py,Carry-forward provenance flag indicating the base variable was observed in the current block.
resp_rate_filled_by_locf,implementation_only,carry_forward_qc,yes,src/chapter1_mortality_decomposition/carry_forward.py; src/chapter1_mortality_decomposition/model_ready.py,Carry-forward provenance flag indicating the base variable value was filled by bounded LOCF.
resp_rate_missing_after_locf,implementation_only,carry_forward_qc,yes,src/chapter1_mortality_decomposition/carry_forward.py; src/chapter1_mortality_decomposition/model_ready.py,Carry-forward QC flag indicating the base variable remains missing after bounded LOCF.
resp_rate_observed_in_block,implementation_only,carry_forward_qc,yes,src/chapter1_mortality_decomposition/carry_forward.py; src/chapter1_mortality_decomposition/model_ready.py,Carry-forward provenance flag indicating the base variable was observed in the current block.
respiratory_group_observed_in_block,implementation_only,valid_instance_qc,yes,src/chapter1_mortality_decomposition/instances.py,Core-vital coverage flag for the respiratory group.
sao2_filled_by_locf,implementation_only,carry_forward_qc,yes,src/chapter1_mortality_decomposition/carry_forward.py; src/chapter1_mortality_decomposition/model_ready.py,Carry-forward provenance flag indicating the base variable value was filled by bounded LOCF.
sao2_missing_after_locf,implementation_only,carry_forward_qc,yes,src/chapter1_mortality_decomposition/carry_forward.py; src/chapter1_mortality_decomposition/model_ready.py,Carry-forward QC flag indicating the base variable remains missing after bounded LOCF.
sao2_observed_in_block,implementation_only,carry_forward_qc,yes,src/chapter1_mortality_decomposition/carry_forward.py; src/chapter1_mortality_decomposition/model_ready.py,Carry-forward provenance flag indicating the base variable was observed in the current block.
sbp_filled_by_locf,implementation_only,carry_forward_qc,yes,src/chapter1_mortality_decomposition/carry_forward.py; src/chapter1_mortality_decomposition/model_ready.py,Carry-forward provenance flag indicating the base variable value was filled by bounded LOCF.
sbp_missing_after_locf,implementation_only,carry_forward_qc,yes,src/chapter1_mortality_decomposition/carry_forward.py; src/chapter1_mortality_decomposition/model_ready.py,Carry-forward QC flag indicating the base variable remains missing after bounded LOCF.
sbp_observed_in_block,implementation_only,carry_forward_qc,yes,src/chapter1_mortality_decomposition/carry_forward.py; src/chapter1_mortality_decomposition/model_ready.py,Carry-forward provenance flag indicating the base variable was observed in the current block.
split,implementation_only,split_assignment,yes,src/chapter1_mortality_decomposition/splits.py; src/chapter1_mortality_decomposition/model_ready.py,Stay-level train/validation/test split assignment.
spo2_filled_by_locf,implementation_only,carry_forward_qc,yes,src/chapter1_mortality_decomposition/carry_forward.py; src/chapter1_mortality_decomposition/model_ready.py,Carry-forward provenance flag indicating the base variable value was filled by bounded LOCF.
spo2_missing_after_locf,implementation_only,carry_forward_qc,yes,src/chapter1_mortality_decomposition/carry_forward.py; src/chapter1_mortality_decomposition/model_ready.py,Carry-forward QC flag indicating the base variable remains missing after bounded LOCF.
spo2_observed_in_block,implementation_only,carry_forward_qc,yes,src/chapter1_mortality_decomposition/carry_forward.py; src/chapter1_mortality_decomposition/model_ready.py,Carry-forward provenance flag indicating the base variable was observed in the current block.
stay_id_global,implementation_only,instance_keys,yes,src/chapter1_mortality_decomposition/cohort.py; src/chapter1_mortality_decomposition/instances.py; src/chapter1_mortality_decomposition/model_ready.py,Stay-level join key.
unlabeled_reason,implementation_only,label_metadata,yes,src/chapter1_mortality_decomposition/labels.py,Reason an otherwise valid instance remains unlabeled.
urea_filled_by_locf,implementation_only,carry_forward_qc,yes,src/chapter1_mortality_decomposition/carry_forward.py; src/chapter1_mortality_decomposition/model_ready.py,Carry-forward provenance flag indicating the base variable value was filled by bounded LOCF.
urea_missing_after_locf,implementation_only,carry_forward_qc,yes,src/chapter1_mortality_decomposition/carry_forward.py; src/chapter1_mortality_decomposition/model_ready.py,Carry-forward QC flag indicating the base variable remains missing after bounded LOCF.
urea_observed_in_block,implementation_only,carry_forward_qc,yes,src/chapter1_mortality_decomposition/carry_forward.py; src/chapter1_mortality_decomposition/model_ready.py,Carry-forward provenance flag indicating the base variable was observed in the current block.
valid_instance,implementation_only,valid_instance_qc,yes,src/chapter1_mortality_decomposition/instances.py,Valid-instance inclusion flag before labelability filtering.
vt_filled_by_locf,implementation_only,carry_forward_qc,yes,src/chapter1_mortality_decomposition/carry_forward.py; src/chapter1_mortality_decomposition/model_ready.py,Carry-forward provenance flag indicating the base variable value was filled by bounded LOCF.
vt_missing_after_locf,implementation_only,carry_forward_qc,yes,src/chapter1_mortality_decomposition/carry_forward.py; src/chapter1_mortality_decomposition/model_ready.py,Carry-forward QC flag indicating the base variable remains missing after bounded LOCF.
vt_observed_in_block,implementation_only,carry_forward_qc,yes,src/chapter1_mortality_decomposition/carry_forward.py; src/chapter1_mortality_decomposition/model_ready.py,Carry-forward provenance flag indicating the base variable was observed in the current block.
vt_per_kg_ibw_filled_by_locf,implementation_only,carry_forward_qc,yes,src/chapter1_mortality_decomposition/carry_forward.py; src/chapter1_mortality_decomposition/model_ready.py,Carry-forward provenance flag indicating the base variable value was filled by bounded LOCF.
vt_per_kg_ibw_missing_after_locf,implementation_only,carry_forward_qc,yes,src/chapter1_mortality_decomposition/carry_forward.py; src/chapter1_mortality_decomposition/model_ready.py,Carry-forward QC flag indicating the base variable remains missing after bounded LOCF.
vt_per_kg_ibw_observed_in_block,implementation_only,carry_forward_qc,yes,src/chapter1_mortality_decomposition/carry_forward.py; src/chapter1_mortality_decomposition/model_ready.py,Carry-forward provenance flag indicating the base variable was observed in the current block.
vt_per_kg_ibw_ventilation_window_active,implementation_only,carry_forward_qc,yes,src/chapter1_mortality_decomposition/carry_forward.py; src/chapter1_mortality_decomposition/model_ready.py; ../icu-data-platform/artifacts/asic_harmonized/qc/mech_vent_ge_24h_episode_level.csv,Ventilator-only LOCF gating flag; true when the prediction block overlaps a ventilation episode window.
vt_ventilation_window_active,implementation_only,carry_forward_qc,yes,src/chapter1_mortality_decomposition/carry_forward.py; src/chapter1_mortality_decomposition/model_ready.py; ../icu-data-platform/artifacts/asic_harmonized/qc/mech_vent_ge_24h_episode_level.csv,Ventilator-only LOCF gating flag; true when the prediction block overlaps a ventilation episode window.
wbc_filled_by_locf,implementation_only,carry_forward_qc,yes,src/chapter1_mortality_decomposition/carry_forward.py; src/chapter1_mortality_decomposition/model_ready.py,Carry-forward provenance flag indicating the base variable value was filled by bounded LOCF.
wbc_missing_after_locf,implementation_only,carry_forward_qc,yes,src/chapter1_mortality_decomposition/carry_forward.py; src/chapter1_mortality_decomposition/model_ready.py,Carry-forward QC flag indicating the base variable remains missing after bounded LOCF.
wbc_observed_in_block,implementation_only,carry_forward_qc,yes,src/chapter1_mortality_decomposition/carry_forward.py; src/chapter1_mortality_decomposition/model_ready.py,Carry-forward provenance flag indicating the base variable was observed in the current block.
alt_last,secondary_only,extended_additional_features,yes,config/ch1_feature_sets.json; src/chapter1_mortality_decomposition/config.py; src/chapter1_mortality_decomposition/carry_forward.py; src/chapter1_mortality_decomposition/model_ready.py; src/chapter1_mortality_decomposition/pipeline.py; ../icu-data-platform/artifacts/asic_harmonized/blocked/asic_8h_blocked_dynamic_features.csv; ../icu-data-platform/artifacts/asic_harmonized/cohort/chapter1_retained_stays.csv,Extended-additional derived feature built in the current extended feature-set branch; not part of the shared primary contract.
alt_max,secondary_only,extended_additional_features,yes,config/ch1_feature_sets.json; src/chapter1_mortality_decomposition/config.py; src/chapter1_mortality_decomposition/carry_forward.py; src/chapter1_mortality_decomposition/model_ready.py; src/chapter1_mortality_decomposition/pipeline.py; ../icu-data-platform/artifacts/asic_harmonized/blocked/asic_8h_blocked_dynamic_features.csv; ../icu-data-platform/artifacts/asic_harmonized/cohort/chapter1_retained_stays.csv,Extended-additional derived feature built in the current extended feature-set branch; not part of the shared primary contract.
alt_mean,secondary_only,extended_additional_features,yes,config/ch1_feature_sets.json; src/chapter1_mortality_decomposition/config.py; src/chapter1_mortality_decomposition/carry_forward.py; src/chapter1_mortality_decomposition/model_ready.py; src/chapter1_mortality_decomposition/pipeline.py; ../icu-data-platform/artifacts/asic_harmonized/blocked/asic_8h_blocked_dynamic_features.csv; ../icu-data-platform/artifacts/asic_harmonized/cohort/chapter1_retained_stays.csv,Extended-additional derived feature built in the current extended feature-set branch; not part of the shared primary contract.
alt_median,secondary_only,extended_additional_features,yes,config/ch1_feature_sets.json; src/chapter1_mortality_decomposition/config.py; src/chapter1_mortality_decomposition/carry_forward.py; src/chapter1_mortality_decomposition/model_ready.py; src/chapter1_mortality_decomposition/pipeline.py; ../icu-data-platform/artifacts/asic_harmonized/blocked/asic_8h_blocked_dynamic_features.csv; ../icu-data-platform/artifacts/asic_harmonized/cohort/chapter1_retained_stays.csv,Extended-additional derived feature built in the current extended feature-set branch; not part of the shared primary contract.
alt_min,secondary_only,extended_additional_features,yes,config/ch1_feature_sets.json; src/chapter1_mortality_decomposition/config.py; src/chapter1_mortality_decomposition/carry_forward.py; src/chapter1_mortality_decomposition/model_ready.py; src/chapter1_mortality_decomposition/pipeline.py; ../icu-data-platform/artifacts/asic_harmonized/blocked/asic_8h_blocked_dynamic_features.csv; ../icu-data-platform/artifacts/asic_harmonized/cohort/chapter1_retained_stays.csv,Extended-additional derived feature built in the current extended feature-set branch; not part of the shared primary contract.
alt_obs_count,secondary_only,extended_additional_features,yes,config/ch1_feature_sets.json; src/chapter1_mortality_decomposition/config.py; src/chapter1_mortality_decomposition/carry_forward.py; src/chapter1_mortality_decomposition/model_ready.py; src/chapter1_mortality_decomposition/pipeline.py; ../icu-data-platform/artifacts/asic_harmonized/blocked/asic_8h_blocked_dynamic_features.csv; ../icu-data-platform/artifacts/asic_harmonized/cohort/chapter1_retained_stays.csv,Extended-additional derived feature built in the current extended feature-set branch; not part of the shared primary contract.
amylase_last,secondary_only,extended_additional_features,yes,config/ch1_feature_sets.json; src/chapter1_mortality_decomposition/config.py; src/chapter1_mortality_decomposition/carry_forward.py; src/chapter1_mortality_decomposition/model_ready.py; src/chapter1_mortality_decomposition/pipeline.py; ../icu-data-platform/artifacts/asic_harmonized/blocked/asic_8h_blocked_dynamic_features.csv; ../icu-data-platform/artifacts/asic_harmonized/cohort/chapter1_retained_stays.csv,Extended-additional derived feature built in the current extended feature-set branch; not part of the shared primary contract.
amylase_max,secondary_only,extended_additional_features,yes,config/ch1_feature_sets.json; src/chapter1_mortality_decomposition/config.py; src/chapter1_mortality_decomposition/carry_forward.py; src/chapter1_mortality_decomposition/model_ready.py; src/chapter1_mortality_decomposition/pipeline.py; ../icu-data-platform/artifacts/asic_harmonized/blocked/asic_8h_blocked_dynamic_features.csv; ../icu-data-platform/artifacts/asic_harmonized/cohort/chapter1_retained_stays.csv,Extended-additional derived feature built in the current extended feature-set branch; not part of the shared primary contract.
amylase_mean,secondary_only,extended_additional_features,yes,config/ch1_feature_sets.json; src/chapter1_mortality_decomposition/config.py; src/chapter1_mortality_decomposition/carry_forward.py; src/chapter1_mortality_decomposition/model_ready.py; src/chapter1_mortality_decomposition/pipeline.py; ../icu-data-platform/artifacts/asic_harmonized/blocked/asic_8h_blocked_dynamic_features.csv; ../icu-data-platform/artifacts/asic_harmonized/cohort/chapter1_retained_stays.csv,Extended-additional derived feature built in the current extended feature-set branch; not part of the shared primary contract.
amylase_median,secondary_only,extended_additional_features,yes,config/ch1_feature_sets.json; src/chapter1_mortality_decomposition/config.py; src/chapter1_mortality_decomposition/carry_forward.py; src/chapter1_mortality_decomposition/model_ready.py; src/chapter1_mortality_decomposition/pipeline.py; ../icu-data-platform/artifacts/asic_harmonized/blocked/asic_8h_blocked_dynamic_features.csv; ../icu-data-platform/artifacts/asic_harmonized/cohort/chapter1_retained_stays.csv,Extended-additional derived feature built in the current extended feature-set branch; not part of the shared primary contract.
amylase_min,secondary_only,extended_additional_features,yes,config/ch1_feature_sets.json; src/chapter1_mortality_decomposition/config.py; src/chapter1_mortality_decomposition/carry_forward.py; src/chapter1_mortality_decomposition/model_ready.py; src/chapter1_mortality_decomposition/pipeline.py; ../icu-data-platform/artifacts/asic_harmonized/blocked/asic_8h_blocked_dynamic_features.csv; ../icu-data-platform/artifacts/asic_harmonized/cohort/chapter1_retained_stays.csv,Extended-additional derived feature built in the current extended feature-set branch; not part of the shared primary contract.
amylase_obs_count,secondary_only,extended_additional_features,yes,config/ch1_feature_sets.json; src/chapter1_mortality_decomposition/config.py; src/chapter1_mortality_decomposition/carry_forward.py; src/chapter1_mortality_decomposition/model_ready.py; src/chapter1_mortality_decomposition/pipeline.py; ../icu-data-platform/artifacts/asic_harmonized/blocked/asic_8h_blocked_dynamic_features.csv; ../icu-data-platform/artifacts/asic_harmonized/cohort/chapter1_retained_stays.csv,Extended-additional derived feature built in the current extended feature-set branch; not part of the shared primary contract.
ast_last,secondary_only,extended_additional_features,yes,config/ch1_feature_sets.json; src/chapter1_mortality_decomposition/config.py; src/chapter1_mortality_decomposition/carry_forward.py; src/chapter1_mortality_decomposition/model_ready.py; src/chapter1_mortality_decomposition/pipeline.py; ../icu-data-platform/artifacts/asic_harmonized/blocked/asic_8h_blocked_dynamic_features.csv; ../icu-data-platform/artifacts/asic_harmonized/cohort/chapter1_retained_stays.csv,Extended-additional derived feature built in the current extended feature-set branch; not part of the shared primary contract.
ast_max,secondary_only,extended_additional_features,yes,config/ch1_feature_sets.json; src/chapter1_mortality_decomposition/config.py; src/chapter1_mortality_decomposition/carry_forward.py; src/chapter1_mortality_decomposition/model_ready.py; src/chapter1_mortality_decomposition/pipeline.py; ../icu-data-platform/artifacts/asic_harmonized/blocked/asic_8h_blocked_dynamic_features.csv; ../icu-data-platform/artifacts/asic_harmonized/cohort/chapter1_retained_stays.csv,Extended-additional derived feature built in the current extended feature-set branch; not part of the shared primary contract.
ast_mean,secondary_only,extended_additional_features,yes,config/ch1_feature_sets.json; src/chapter1_mortality_decomposition/config.py; src/chapter1_mortality_decomposition/carry_forward.py; src/chapter1_mortality_decomposition/model_ready.py; src/chapter1_mortality_decomposition/pipeline.py; ../icu-data-platform/artifacts/asic_harmonized/blocked/asic_8h_blocked_dynamic_features.csv; ../icu-data-platform/artifacts/asic_harmonized/cohort/chapter1_retained_stays.csv,Extended-additional derived feature built in the current extended feature-set branch; not part of the shared primary contract.
ast_median,secondary_only,extended_additional_features,yes,config/ch1_feature_sets.json; src/chapter1_mortality_decomposition/config.py; src/chapter1_mortality_decomposition/carry_forward.py; src/chapter1_mortality_decomposition/model_ready.py; src/chapter1_mortality_decomposition/pipeline.py; ../icu-data-platform/artifacts/asic_harmonized/blocked/asic_8h_blocked_dynamic_features.csv; ../icu-data-platform/artifacts/asic_harmonized/cohort/chapter1_retained_stays.csv,Extended-additional derived feature built in the current extended feature-set branch; not part of the shared primary contract.
ast_min,secondary_only,extended_additional_features,yes,config/ch1_feature_sets.json; src/chapter1_mortality_decomposition/config.py; src/chapter1_mortality_decomposition/carry_forward.py; src/chapter1_mortality_decomposition/model_ready.py; src/chapter1_mortality_decomposition/pipeline.py; ../icu-data-platform/artifacts/asic_harmonized/blocked/asic_8h_blocked_dynamic_features.csv; ../icu-data-platform/artifacts/asic_harmonized/cohort/chapter1_retained_stays.csv,Extended-additional derived feature built in the current extended feature-set branch; not part of the shared primary contract.
ast_obs_count,secondary_only,extended_additional_features,yes,config/ch1_feature_sets.json; src/chapter1_mortality_decomposition/config.py; src/chapter1_mortality_decomposition/carry_forward.py; src/chapter1_mortality_decomposition/model_ready.py; src/chapter1_mortality_decomposition/pipeline.py; ../icu-data-platform/artifacts/asic_harmonized/blocked/asic_8h_blocked_dynamic_features.csv; ../icu-data-platform/artifacts/asic_harmonized/cohort/chapter1_retained_stays.csv,Extended-additional derived feature built in the current extended feature-set branch; not part of the shared primary contract.
bnp_last,secondary_only,extended_additional_features,yes,config/ch1_feature_sets.json; src/chapter1_mortality_decomposition/config.py; src/chapter1_mortality_decomposition/carry_forward.py; src/chapter1_mortality_decomposition/model_ready.py; src/chapter1_mortality_decomposition/pipeline.py; ../icu-data-platform/artifacts/asic_harmonized/blocked/asic_8h_blocked_dynamic_features.csv; ../icu-data-platform/artifacts/asic_harmonized/cohort/chapter1_retained_stays.csv,Extended-additional derived feature built in the current extended feature-set branch; not part of the shared primary contract.
bnp_max,secondary_only,extended_additional_features,yes,config/ch1_feature_sets.json; src/chapter1_mortality_decomposition/config.py; src/chapter1_mortality_decomposition/carry_forward.py; src/chapter1_mortality_decomposition/model_ready.py; src/chapter1_mortality_decomposition/pipeline.py; ../icu-data-platform/artifacts/asic_harmonized/blocked/asic_8h_blocked_dynamic_features.csv; ../icu-data-platform/artifacts/asic_harmonized/cohort/chapter1_retained_stays.csv,Extended-additional derived feature built in the current extended feature-set branch; not part of the shared primary contract.
bnp_mean,secondary_only,extended_additional_features,yes,config/ch1_feature_sets.json; src/chapter1_mortality_decomposition/config.py; src/chapter1_mortality_decomposition/carry_forward.py; src/chapter1_mortality_decomposition/model_ready.py; src/chapter1_mortality_decomposition/pipeline.py; ../icu-data-platform/artifacts/asic_harmonized/blocked/asic_8h_blocked_dynamic_features.csv; ../icu-data-platform/artifacts/asic_harmonized/cohort/chapter1_retained_stays.csv,Extended-additional derived feature built in the current extended feature-set branch; not part of the shared primary contract.
bnp_median,secondary_only,extended_additional_features,yes,config/ch1_feature_sets.json; src/chapter1_mortality_decomposition/config.py; src/chapter1_mortality_decomposition/carry_forward.py; src/chapter1_mortality_decomposition/model_ready.py; src/chapter1_mortality_decomposition/pipeline.py; ../icu-data-platform/artifacts/asic_harmonized/blocked/asic_8h_blocked_dynamic_features.csv; ../icu-data-platform/artifacts/asic_harmonized/cohort/chapter1_retained_stays.csv,Extended-additional derived feature built in the current extended feature-set branch; not part of the shared primary contract.
bnp_min,secondary_only,extended_additional_features,yes,config/ch1_feature_sets.json; src/chapter1_mortality_decomposition/config.py; src/chapter1_mortality_decomposition/carry_forward.py; src/chapter1_mortality_decomposition/model_ready.py; src/chapter1_mortality_decomposition/pipeline.py; ../icu-data-platform/artifacts/asic_harmonized/blocked/asic_8h_blocked_dynamic_features.csv; ../icu-data-platform/artifacts/asic_harmonized/cohort/chapter1_retained_stays.csv,Extended-additional derived feature built in the current extended feature-set branch; not part of the shared primary contract.
bnp_obs_count,secondary_only,extended_additional_features,yes,config/ch1_feature_sets.json; src/chapter1_mortality_decomposition/config.py; src/chapter1_mortality_decomposition/carry_forward.py; src/chapter1_mortality_decomposition/model_ready.py; src/chapter1_mortality_decomposition/pipeline.py; ../icu-data-platform/artifacts/asic_harmonized/blocked/asic_8h_blocked_dynamic_features.csv; ../icu-data-platform/artifacts/asic_harmonized/cohort/chapter1_retained_stays.csv,Extended-additional derived feature built in the current extended feature-set branch; not part of the shared primary contract.
ck_last,secondary_only,extended_additional_features,yes,config/ch1_feature_sets.json; src/chapter1_mortality_decomposition/config.py; src/chapter1_mortality_decomposition/carry_forward.py; src/chapter1_mortality_decomposition/model_ready.py; src/chapter1_mortality_decomposition/pipeline.py; ../icu-data-platform/artifacts/asic_harmonized/blocked/asic_8h_blocked_dynamic_features.csv; ../icu-data-platform/artifacts/asic_harmonized/cohort/chapter1_retained_stays.csv,Extended-additional derived feature built in the current extended feature-set branch; not part of the shared primary contract.
ck_max,secondary_only,extended_additional_features,yes,config/ch1_feature_sets.json; src/chapter1_mortality_decomposition/config.py; src/chapter1_mortality_decomposition/carry_forward.py; src/chapter1_mortality_decomposition/model_ready.py; src/chapter1_mortality_decomposition/pipeline.py; ../icu-data-platform/artifacts/asic_harmonized/blocked/asic_8h_blocked_dynamic_features.csv; ../icu-data-platform/artifacts/asic_harmonized/cohort/chapter1_retained_stays.csv,Extended-additional derived feature built in the current extended feature-set branch; not part of the shared primary contract.
ck_mb_last,secondary_only,extended_additional_features,yes,config/ch1_feature_sets.json; src/chapter1_mortality_decomposition/config.py; src/chapter1_mortality_decomposition/carry_forward.py; src/chapter1_mortality_decomposition/model_ready.py; src/chapter1_mortality_decomposition/pipeline.py; ../icu-data-platform/artifacts/asic_harmonized/blocked/asic_8h_blocked_dynamic_features.csv; ../icu-data-platform/artifacts/asic_harmonized/cohort/chapter1_retained_stays.csv,Extended-additional derived feature built in the current extended feature-set branch; not part of the shared primary contract.
ck_mb_max,secondary_only,extended_additional_features,yes,config/ch1_feature_sets.json; src/chapter1_mortality_decomposition/config.py; src/chapter1_mortality_decomposition/carry_forward.py; src/chapter1_mortality_decomposition/model_ready.py; src/chapter1_mortality_decomposition/pipeline.py; ../icu-data-platform/artifacts/asic_harmonized/blocked/asic_8h_blocked_dynamic_features.csv; ../icu-data-platform/artifacts/asic_harmonized/cohort/chapter1_retained_stays.csv,Extended-additional derived feature built in the current extended feature-set branch; not part of the shared primary contract.
ck_mb_mean,secondary_only,extended_additional_features,yes,config/ch1_feature_sets.json; src/chapter1_mortality_decomposition/config.py; src/chapter1_mortality_decomposition/carry_forward.py; src/chapter1_mortality_decomposition/model_ready.py; src/chapter1_mortality_decomposition/pipeline.py; ../icu-data-platform/artifacts/asic_harmonized/blocked/asic_8h_blocked_dynamic_features.csv; ../icu-data-platform/artifacts/asic_harmonized/cohort/chapter1_retained_stays.csv,Extended-additional derived feature built in the current extended feature-set branch; not part of the shared primary contract.
ck_mb_median,secondary_only,extended_additional_features,yes,config/ch1_feature_sets.json; src/chapter1_mortality_decomposition/config.py; src/chapter1_mortality_decomposition/carry_forward.py; src/chapter1_mortality_decomposition/model_ready.py; src/chapter1_mortality_decomposition/pipeline.py; ../icu-data-platform/artifacts/asic_harmonized/blocked/asic_8h_blocked_dynamic_features.csv; ../icu-data-platform/artifacts/asic_harmonized/cohort/chapter1_retained_stays.csv,Extended-additional derived feature built in the current extended feature-set branch; not part of the shared primary contract.
ck_mb_min,secondary_only,extended_additional_features,yes,config/ch1_feature_sets.json; src/chapter1_mortality_decomposition/config.py; src/chapter1_mortality_decomposition/carry_forward.py; src/chapter1_mortality_decomposition/model_ready.py; src/chapter1_mortality_decomposition/pipeline.py; ../icu-data-platform/artifacts/asic_harmonized/blocked/asic_8h_blocked_dynamic_features.csv; ../icu-data-platform/artifacts/asic_harmonized/cohort/chapter1_retained_stays.csv,Extended-additional derived feature built in the current extended feature-set branch; not part of the shared primary contract.
ck_mb_obs_count,secondary_only,extended_additional_features,yes,config/ch1_feature_sets.json; src/chapter1_mortality_decomposition/config.py; src/chapter1_mortality_decomposition/carry_forward.py; src/chapter1_mortality_decomposition/model_ready.py; src/chapter1_mortality_decomposition/pipeline.py; ../icu-data-platform/artifacts/asic_harmonized/blocked/asic_8h_blocked_dynamic_features.csv; ../icu-data-platform/artifacts/asic_harmonized/cohort/chapter1_retained_stays.csv,Extended-additional derived feature built in the current extended feature-set branch; not part of the shared primary contract.
ck_mean,secondary_only,extended_additional_features,yes,config/ch1_feature_sets.json; src/chapter1_mortality_decomposition/config.py; src/chapter1_mortality_decomposition/carry_forward.py; src/chapter1_mortality_decomposition/model_ready.py; src/chapter1_mortality_decomposition/pipeline.py; ../icu-data-platform/artifacts/asic_harmonized/blocked/asic_8h_blocked_dynamic_features.csv; ../icu-data-platform/artifacts/asic_harmonized/cohort/chapter1_retained_stays.csv,Extended-additional derived feature built in the current extended feature-set branch; not part of the shared primary contract.
ck_median,secondary_only,extended_additional_features,yes,config/ch1_feature_sets.json; src/chapter1_mortality_decomposition/config.py; src/chapter1_mortality_decomposition/carry_forward.py; src/chapter1_mortality_decomposition/model_ready.py; src/chapter1_mortality_decomposition/pipeline.py; ../icu-data-platform/artifacts/asic_harmonized/blocked/asic_8h_blocked_dynamic_features.csv; ../icu-data-platform/artifacts/asic_harmonized/cohort/chapter1_retained_stays.csv,Extended-additional derived feature built in the current extended feature-set branch; not part of the shared primary contract.
ck_min,secondary_only,extended_additional_features,yes,config/ch1_feature_sets.json; src/chapter1_mortality_decomposition/config.py; src/chapter1_mortality_decomposition/carry_forward.py; src/chapter1_mortality_decomposition/model_ready.py; src/chapter1_mortality_decomposition/pipeline.py; ../icu-data-platform/artifacts/asic_harmonized/blocked/asic_8h_blocked_dynamic_features.csv; ../icu-data-platform/artifacts/asic_harmonized/cohort/chapter1_retained_stays.csv,Extended-additional derived feature built in the current extended feature-set branch; not part of the shared primary contract.
ck_obs_count,secondary_only,extended_additional_features,yes,config/ch1_feature_sets.json; src/chapter1_mortality_decomposition/config.py; src/chapter1_mortality_decomposition/carry_forward.py; src/chapter1_mortality_decomposition/model_ready.py; src/chapter1_mortality_decomposition/pipeline.py; ../icu-data-platform/artifacts/asic_harmonized/blocked/asic_8h_blocked_dynamic_features.csv; ../icu-data-platform/artifacts/asic_harmonized/cohort/chapter1_retained_stays.csv,Extended-additional derived feature built in the current extended feature-set branch; not part of the shared primary contract.
d_dimer_last,secondary_only,extended_additional_features,yes,config/ch1_feature_sets.json; src/chapter1_mortality_decomposition/config.py; src/chapter1_mortality_decomposition/carry_forward.py; src/chapter1_mortality_decomposition/model_ready.py; src/chapter1_mortality_decomposition/pipeline.py; ../icu-data-platform/artifacts/asic_harmonized/blocked/asic_8h_blocked_dynamic_features.csv; ../icu-data-platform/artifacts/asic_harmonized/cohort/chapter1_retained_stays.csv,Extended-additional derived feature built in the current extended feature-set branch; not part of the shared primary contract.
d_dimer_max,secondary_only,extended_additional_features,yes,config/ch1_feature_sets.json; src/chapter1_mortality_decomposition/config.py; src/chapter1_mortality_decomposition/carry_forward.py; src/chapter1_mortality_decomposition/model_ready.py; src/chapter1_mortality_decomposition/pipeline.py; ../icu-data-platform/artifacts/asic_harmonized/blocked/asic_8h_blocked_dynamic_features.csv; ../icu-data-platform/artifacts/asic_harmonized/cohort/chapter1_retained_stays.csv,Extended-additional derived feature built in the current extended feature-set branch; not part of the shared primary contract.
d_dimer_mean,secondary_only,extended_additional_features,yes,config/ch1_feature_sets.json; src/chapter1_mortality_decomposition/config.py; src/chapter1_mortality_decomposition/carry_forward.py; src/chapter1_mortality_decomposition/model_ready.py; src/chapter1_mortality_decomposition/pipeline.py; ../icu-data-platform/artifacts/asic_harmonized/blocked/asic_8h_blocked_dynamic_features.csv; ../icu-data-platform/artifacts/asic_harmonized/cohort/chapter1_retained_stays.csv,Extended-additional derived feature built in the current extended feature-set branch; not part of the shared primary contract.
d_dimer_median,secondary_only,extended_additional_features,yes,config/ch1_feature_sets.json; src/chapter1_mortality_decomposition/config.py; src/chapter1_mortality_decomposition/carry_forward.py; src/chapter1_mortality_decomposition/model_ready.py; src/chapter1_mortality_decomposition/pipeline.py; ../icu-data-platform/artifacts/asic_harmonized/blocked/asic_8h_blocked_dynamic_features.csv; ../icu-data-platform/artifacts/asic_harmonized/cohort/chapter1_retained_stays.csv,Extended-additional derived feature built in the current extended feature-set branch; not part of the shared primary contract.
d_dimer_min,secondary_only,extended_additional_features,yes,config/ch1_feature_sets.json; src/chapter1_mortality_decomposition/config.py; src/chapter1_mortality_decomposition/carry_forward.py; src/chapter1_mortality_decomposition/model_ready.py; src/chapter1_mortality_decomposition/pipeline.py; ../icu-data-platform/artifacts/asic_harmonized/blocked/asic_8h_blocked_dynamic_features.csv; ../icu-data-platform/artifacts/asic_harmonized/cohort/chapter1_retained_stays.csv,Extended-additional derived feature built in the current extended feature-set branch; not part of the shared primary contract.
d_dimer_obs_count,secondary_only,extended_additional_features,yes,config/ch1_feature_sets.json; src/chapter1_mortality_decomposition/config.py; src/chapter1_mortality_decomposition/carry_forward.py; src/chapter1_mortality_decomposition/model_ready.py; src/chapter1_mortality_decomposition/pipeline.py; ../icu-data-platform/artifacts/asic_harmonized/blocked/asic_8h_blocked_dynamic_features.csv; ../icu-data-platform/artifacts/asic_harmonized/cohort/chapter1_retained_stays.csv,Extended-additional derived feature built in the current extended feature-set branch; not part of the shared primary contract.
il6_last,secondary_only,extended_additional_features,yes,config/ch1_feature_sets.json; src/chapter1_mortality_decomposition/config.py; src/chapter1_mortality_decomposition/carry_forward.py; src/chapter1_mortality_decomposition/model_ready.py; src/chapter1_mortality_decomposition/pipeline.py; ../icu-data-platform/artifacts/asic_harmonized/blocked/asic_8h_blocked_dynamic_features.csv; ../icu-data-platform/artifacts/asic_harmonized/cohort/chapter1_retained_stays.csv,Extended-additional derived feature built in the current extended feature-set branch; not part of the shared primary contract.
il6_max,secondary_only,extended_additional_features,yes,config/ch1_feature_sets.json; src/chapter1_mortality_decomposition/config.py; src/chapter1_mortality_decomposition/carry_forward.py; src/chapter1_mortality_decomposition/model_ready.py; src/chapter1_mortality_decomposition/pipeline.py; ../icu-data-platform/artifacts/asic_harmonized/blocked/asic_8h_blocked_dynamic_features.csv; ../icu-data-platform/artifacts/asic_harmonized/cohort/chapter1_retained_stays.csv,Extended-additional derived feature built in the current extended feature-set branch; not part of the shared primary contract.
il6_mean,secondary_only,extended_additional_features,yes,config/ch1_feature_sets.json; src/chapter1_mortality_decomposition/config.py; src/chapter1_mortality_decomposition/carry_forward.py; src/chapter1_mortality_decomposition/model_ready.py; src/chapter1_mortality_decomposition/pipeline.py; ../icu-data-platform/artifacts/asic_harmonized/blocked/asic_8h_blocked_dynamic_features.csv; ../icu-data-platform/artifacts/asic_harmonized/cohort/chapter1_retained_stays.csv,Extended-additional derived feature built in the current extended feature-set branch; not part of the shared primary contract.
il6_median,secondary_only,extended_additional_features,yes,config/ch1_feature_sets.json; src/chapter1_mortality_decomposition/config.py; src/chapter1_mortality_decomposition/carry_forward.py; src/chapter1_mortality_decomposition/model_ready.py; src/chapter1_mortality_decomposition/pipeline.py; ../icu-data-platform/artifacts/asic_harmonized/blocked/asic_8h_blocked_dynamic_features.csv; ../icu-data-platform/artifacts/asic_harmonized/cohort/chapter1_retained_stays.csv,Extended-additional derived feature built in the current extended feature-set branch; not part of the shared primary contract.
il6_min,secondary_only,extended_additional_features,yes,config/ch1_feature_sets.json; src/chapter1_mortality_decomposition/config.py; src/chapter1_mortality_decomposition/carry_forward.py; src/chapter1_mortality_decomposition/model_ready.py; src/chapter1_mortality_decomposition/pipeline.py; ../icu-data-platform/artifacts/asic_harmonized/blocked/asic_8h_blocked_dynamic_features.csv; ../icu-data-platform/artifacts/asic_harmonized/cohort/chapter1_retained_stays.csv,Extended-additional derived feature built in the current extended feature-set branch; not part of the shared primary contract.
il6_obs_count,secondary_only,extended_additional_features,yes,config/ch1_feature_sets.json; src/chapter1_mortality_decomposition/config.py; src/chapter1_mortality_decomposition/carry_forward.py; src/chapter1_mortality_decomposition/model_ready.py; src/chapter1_mortality_decomposition/pipeline.py; ../icu-data-platform/artifacts/asic_harmonized/blocked/asic_8h_blocked_dynamic_features.csv; ../icu-data-platform/artifacts/asic_harmonized/cohort/chapter1_retained_stays.csv,Extended-additional derived feature built in the current extended feature-set branch; not part of the shared primary contract.
ldh_last,secondary_only,extended_additional_features,yes,config/ch1_feature_sets.json; src/chapter1_mortality_decomposition/config.py; src/chapter1_mortality_decomposition/carry_forward.py; src/chapter1_mortality_decomposition/model_ready.py; src/chapter1_mortality_decomposition/pipeline.py; ../icu-data-platform/artifacts/asic_harmonized/blocked/asic_8h_blocked_dynamic_features.csv; ../icu-data-platform/artifacts/asic_harmonized/cohort/chapter1_retained_stays.csv,Extended-additional derived feature built in the current extended feature-set branch; not part of the shared primary contract.
ldh_max,secondary_only,extended_additional_features,yes,config/ch1_feature_sets.json; src/chapter1_mortality_decomposition/config.py; src/chapter1_mortality_decomposition/carry_forward.py; src/chapter1_mortality_decomposition/model_ready.py; src/chapter1_mortality_decomposition/pipeline.py; ../icu-data-platform/artifacts/asic_harmonized/blocked/asic_8h_blocked_dynamic_features.csv; ../icu-data-platform/artifacts/asic_harmonized/cohort/chapter1_retained_stays.csv,Extended-additional derived feature built in the current extended feature-set branch; not part of the shared primary contract.
ldh_mean,secondary_only,extended_additional_features,yes,config/ch1_feature_sets.json; src/chapter1_mortality_decomposition/config.py; src/chapter1_mortality_decomposition/carry_forward.py; src/chapter1_mortality_decomposition/model_ready.py; src/chapter1_mortality_decomposition/pipeline.py; ../icu-data-platform/artifacts/asic_harmonized/blocked/asic_8h_blocked_dynamic_features.csv; ../icu-data-platform/artifacts/asic_harmonized/cohort/chapter1_retained_stays.csv,Extended-additional derived feature built in the current extended feature-set branch; not part of the shared primary contract.
ldh_median,secondary_only,extended_additional_features,yes,config/ch1_feature_sets.json; src/chapter1_mortality_decomposition/config.py; src/chapter1_mortality_decomposition/carry_forward.py; src/chapter1_mortality_decomposition/model_ready.py; src/chapter1_mortality_decomposition/pipeline.py; ../icu-data-platform/artifacts/asic_harmonized/blocked/asic_8h_blocked_dynamic_features.csv; ../icu-data-platform/artifacts/asic_harmonized/cohort/chapter1_retained_stays.csv,Extended-additional derived feature built in the current extended feature-set branch; not part of the shared primary contract.
ldh_min,secondary_only,extended_additional_features,yes,config/ch1_feature_sets.json; src/chapter1_mortality_decomposition/config.py; src/chapter1_mortality_decomposition/carry_forward.py; src/chapter1_mortality_decomposition/model_ready.py; src/chapter1_mortality_decomposition/pipeline.py; ../icu-data-platform/artifacts/asic_harmonized/blocked/asic_8h_blocked_dynamic_features.csv; ../icu-data-platform/artifacts/asic_harmonized/cohort/chapter1_retained_stays.csv,Extended-additional derived feature built in the current extended feature-set branch; not part of the shared primary contract.
ldh_obs_count,secondary_only,extended_additional_features,yes,config/ch1_feature_sets.json; src/chapter1_mortality_decomposition/config.py; src/chapter1_mortality_decomposition/carry_forward.py; src/chapter1_mortality_decomposition/model_ready.py; src/chapter1_mortality_decomposition/pipeline.py; ../icu-data-platform/artifacts/asic_harmonized/blocked/asic_8h_blocked_dynamic_features.csv; ../icu-data-platform/artifacts/asic_harmonized/cohort/chapter1_retained_stays.csv,Extended-additional derived feature built in the current extended feature-set branch; not part of the shared primary contract.
lipase_last,secondary_only,extended_additional_features,yes,config/ch1_feature_sets.json; src/chapter1_mortality_decomposition/config.py; src/chapter1_mortality_decomposition/carry_forward.py; src/chapter1_mortality_decomposition/model_ready.py; src/chapter1_mortality_decomposition/pipeline.py; ../icu-data-platform/artifacts/asic_harmonized/blocked/asic_8h_blocked_dynamic_features.csv; ../icu-data-platform/artifacts/asic_harmonized/cohort/chapter1_retained_stays.csv,Extended-additional derived feature built in the current extended feature-set branch; not part of the shared primary contract.
lipase_max,secondary_only,extended_additional_features,yes,config/ch1_feature_sets.json; src/chapter1_mortality_decomposition/config.py; src/chapter1_mortality_decomposition/carry_forward.py; src/chapter1_mortality_decomposition/model_ready.py; src/chapter1_mortality_decomposition/pipeline.py; ../icu-data-platform/artifacts/asic_harmonized/blocked/asic_8h_blocked_dynamic_features.csv; ../icu-data-platform/artifacts/asic_harmonized/cohort/chapter1_retained_stays.csv,Extended-additional derived feature built in the current extended feature-set branch; not part of the shared primary contract.
lipase_mean,secondary_only,extended_additional_features,yes,config/ch1_feature_sets.json; src/chapter1_mortality_decomposition/config.py; src/chapter1_mortality_decomposition/carry_forward.py; src/chapter1_mortality_decomposition/model_ready.py; src/chapter1_mortality_decomposition/pipeline.py; ../icu-data-platform/artifacts/asic_harmonized/blocked/asic_8h_blocked_dynamic_features.csv; ../icu-data-platform/artifacts/asic_harmonized/cohort/chapter1_retained_stays.csv,Extended-additional derived feature built in the current extended feature-set branch; not part of the shared primary contract.
lipase_median,secondary_only,extended_additional_features,yes,config/ch1_feature_sets.json; src/chapter1_mortality_decomposition/config.py; src/chapter1_mortality_decomposition/carry_forward.py; src/chapter1_mortality_decomposition/model_ready.py; src/chapter1_mortality_decomposition/pipeline.py; ../icu-data-platform/artifacts/asic_harmonized/blocked/asic_8h_blocked_dynamic_features.csv; ../icu-data-platform/artifacts/asic_harmonized/cohort/chapter1_retained_stays.csv,Extended-additional derived feature built in the current extended feature-set branch; not part of the shared primary contract.
lipase_min,secondary_only,extended_additional_features,yes,config/ch1_feature_sets.json; src/chapter1_mortality_decomposition/config.py; src/chapter1_mortality_decomposition/carry_forward.py; src/chapter1_mortality_decomposition/model_ready.py; src/chapter1_mortality_decomposition/pipeline.py; ../icu-data-platform/artifacts/asic_harmonized/blocked/asic_8h_blocked_dynamic_features.csv; ../icu-data-platform/artifacts/asic_harmonized/cohort/chapter1_retained_stays.csv,Extended-additional derived feature built in the current extended feature-set branch; not part of the shared primary contract.
lipase_obs_count,secondary_only,extended_additional_features,yes,config/ch1_feature_sets.json; src/chapter1_mortality_decomposition/config.py; src/chapter1_mortality_decomposition/carry_forward.py; src/chapter1_mortality_decomposition/model_ready.py; src/chapter1_mortality_decomposition/pipeline.py; ../icu-data-platform/artifacts/asic_harmonized/blocked/asic_8h_blocked_dynamic_features.csv; ../icu-data-platform/artifacts/asic_harmonized/cohort/chapter1_retained_stays.csv,Extended-additional derived feature built in the current extended feature-set branch; not part of the shared primary contract.
lymph_abs_last,secondary_only,extended_additional_features,yes,config/ch1_feature_sets.json; src/chapter1_mortality_decomposition/config.py; src/chapter1_mortality_decomposition/carry_forward.py; src/chapter1_mortality_decomposition/model_ready.py; src/chapter1_mortality_decomposition/pipeline.py; ../icu-data-platform/artifacts/asic_harmonized/blocked/asic_8h_blocked_dynamic_features.csv; ../icu-data-platform/artifacts/asic_harmonized/cohort/chapter1_retained_stays.csv,Extended-additional derived feature built in the current extended feature-set branch; not part of the shared primary contract.
lymph_abs_max,secondary_only,extended_additional_features,yes,config/ch1_feature_sets.json; src/chapter1_mortality_decomposition/config.py; src/chapter1_mortality_decomposition/carry_forward.py; src/chapter1_mortality_decomposition/model_ready.py; src/chapter1_mortality_decomposition/pipeline.py; ../icu-data-platform/artifacts/asic_harmonized/blocked/asic_8h_blocked_dynamic_features.csv; ../icu-data-platform/artifacts/asic_harmonized/cohort/chapter1_retained_stays.csv,Extended-additional derived feature built in the current extended feature-set branch; not part of the shared primary contract.
lymph_abs_mean,secondary_only,extended_additional_features,yes,config/ch1_feature_sets.json; src/chapter1_mortality_decomposition/config.py; src/chapter1_mortality_decomposition/carry_forward.py; src/chapter1_mortality_decomposition/model_ready.py; src/chapter1_mortality_decomposition/pipeline.py; ../icu-data-platform/artifacts/asic_harmonized/blocked/asic_8h_blocked_dynamic_features.csv; ../icu-data-platform/artifacts/asic_harmonized/cohort/chapter1_retained_stays.csv,Extended-additional derived feature built in the current extended feature-set branch; not part of the shared primary contract.
lymph_abs_median,secondary_only,extended_additional_features,yes,config/ch1_feature_sets.json; src/chapter1_mortality_decomposition/config.py; src/chapter1_mortality_decomposition/carry_forward.py; src/chapter1_mortality_decomposition/model_ready.py; src/chapter1_mortality_decomposition/pipeline.py; ../icu-data-platform/artifacts/asic_harmonized/blocked/asic_8h_blocked_dynamic_features.csv; ../icu-data-platform/artifacts/asic_harmonized/cohort/chapter1_retained_stays.csv,Extended-additional derived feature built in the current extended feature-set branch; not part of the shared primary contract.
lymph_abs_min,secondary_only,extended_additional_features,yes,config/ch1_feature_sets.json; src/chapter1_mortality_decomposition/config.py; src/chapter1_mortality_decomposition/carry_forward.py; src/chapter1_mortality_decomposition/model_ready.py; src/chapter1_mortality_decomposition/pipeline.py; ../icu-data-platform/artifacts/asic_harmonized/blocked/asic_8h_blocked_dynamic_features.csv; ../icu-data-platform/artifacts/asic_harmonized/cohort/chapter1_retained_stays.csv,Extended-additional derived feature built in the current extended feature-set branch; not part of the shared primary contract.
lymph_abs_obs_count,secondary_only,extended_additional_features,yes,config/ch1_feature_sets.json; src/chapter1_mortality_decomposition/config.py; src/chapter1_mortality_decomposition/carry_forward.py; src/chapter1_mortality_decomposition/model_ready.py; src/chapter1_mortality_decomposition/pipeline.py; ../icu-data-platform/artifacts/asic_harmonized/blocked/asic_8h_blocked_dynamic_features.csv; ../icu-data-platform/artifacts/asic_harmonized/cohort/chapter1_retained_stays.csv,Extended-additional derived feature built in the current extended feature-set branch; not part of the shared primary contract.
lymph_pct_last,secondary_only,extended_additional_features,yes,config/ch1_feature_sets.json; src/chapter1_mortality_decomposition/config.py; src/chapter1_mortality_decomposition/carry_forward.py; src/chapter1_mortality_decomposition/model_ready.py; src/chapter1_mortality_decomposition/pipeline.py; ../icu-data-platform/artifacts/asic_harmonized/blocked/asic_8h_blocked_dynamic_features.csv; ../icu-data-platform/artifacts/asic_harmonized/cohort/chapter1_retained_stays.csv,Extended-additional derived feature built in the current extended feature-set branch; not part of the shared primary contract.
lymph_pct_max,secondary_only,extended_additional_features,yes,config/ch1_feature_sets.json; src/chapter1_mortality_decomposition/config.py; src/chapter1_mortality_decomposition/carry_forward.py; src/chapter1_mortality_decomposition/model_ready.py; src/chapter1_mortality_decomposition/pipeline.py; ../icu-data-platform/artifacts/asic_harmonized/blocked/asic_8h_blocked_dynamic_features.csv; ../icu-data-platform/artifacts/asic_harmonized/cohort/chapter1_retained_stays.csv,Extended-additional derived feature built in the current extended feature-set branch; not part of the shared primary contract.
lymph_pct_mean,secondary_only,extended_additional_features,yes,config/ch1_feature_sets.json; src/chapter1_mortality_decomposition/config.py; src/chapter1_mortality_decomposition/carry_forward.py; src/chapter1_mortality_decomposition/model_ready.py; src/chapter1_mortality_decomposition/pipeline.py; ../icu-data-platform/artifacts/asic_harmonized/blocked/asic_8h_blocked_dynamic_features.csv; ../icu-data-platform/artifacts/asic_harmonized/cohort/chapter1_retained_stays.csv,Extended-additional derived feature built in the current extended feature-set branch; not part of the shared primary contract.
lymph_pct_median,secondary_only,extended_additional_features,yes,config/ch1_feature_sets.json; src/chapter1_mortality_decomposition/config.py; src/chapter1_mortality_decomposition/carry_forward.py; src/chapter1_mortality_decomposition/model_ready.py; src/chapter1_mortality_decomposition/pipeline.py; ../icu-data-platform/artifacts/asic_harmonized/blocked/asic_8h_blocked_dynamic_features.csv; ../icu-data-platform/artifacts/asic_harmonized/cohort/chapter1_retained_stays.csv,Extended-additional derived feature built in the current extended feature-set branch; not part of the shared primary contract.
lymph_pct_min,secondary_only,extended_additional_features,yes,config/ch1_feature_sets.json; src/chapter1_mortality_decomposition/config.py; src/chapter1_mortality_decomposition/carry_forward.py; src/chapter1_mortality_decomposition/model_ready.py; src/chapter1_mortality_decomposition/pipeline.py; ../icu-data-platform/artifacts/asic_harmonized/blocked/asic_8h_blocked_dynamic_features.csv; ../icu-data-platform/artifacts/asic_harmonized/cohort/chapter1_retained_stays.csv,Extended-additional derived feature built in the current extended feature-set branch; not part of the shared primary contract.
lymph_pct_obs_count,secondary_only,extended_additional_features,yes,config/ch1_feature_sets.json; src/chapter1_mortality_decomposition/config.py; src/chapter1_mortality_decomposition/carry_forward.py; src/chapter1_mortality_decomposition/model_ready.py; src/chapter1_mortality_decomposition/pipeline.py; ../icu-data-platform/artifacts/asic_harmonized/blocked/asic_8h_blocked_dynamic_features.csv; ../icu-data-platform/artifacts/asic_harmonized/cohort/chapter1_retained_stays.csv,Extended-additional derived feature built in the current extended feature-set branch; not part of the shared primary contract.
n_core_grps_obs_block,secondary_only,observation_process,yes,src/chapter1_mortality_decomposition/observation_process.py; src/chapter1_mortality_decomposition/pipeline.py; src/chapter1_mortality_decomposition/asic_observation_process_sensitivity.py; ../icu-data-platform/artifacts/asic_harmonized/dynamic/harmonized.csv,Count of observed core groups in the current block; exported separately and only optionally merged into primary model-ready.
ntprobnp_last,secondary_only,extended_additional_features,yes,config/ch1_feature_sets.json; src/chapter1_mortality_decomposition/config.py; src/chapter1_mortality_decomposition/carry_forward.py; src/chapter1_mortality_decomposition/model_ready.py; src/chapter1_mortality_decomposition/pipeline.py; ../icu-data-platform/artifacts/asic_harmonized/blocked/asic_8h_blocked_dynamic_features.csv; ../icu-data-platform/artifacts/asic_harmonized/cohort/chapter1_retained_stays.csv,Extended-additional derived feature built in the current extended feature-set branch; not part of the shared primary contract.
ntprobnp_max,secondary_only,extended_additional_features,yes,config/ch1_feature_sets.json; src/chapter1_mortality_decomposition/config.py; src/chapter1_mortality_decomposition/carry_forward.py; src/chapter1_mortality_decomposition/model_ready.py; src/chapter1_mortality_decomposition/pipeline.py; ../icu-data-platform/artifacts/asic_harmonized/blocked/asic_8h_blocked_dynamic_features.csv; ../icu-data-platform/artifacts/asic_harmonized/cohort/chapter1_retained_stays.csv,Extended-additional derived feature built in the current extended feature-set branch; not part of the shared primary contract.
ntprobnp_mean,secondary_only,extended_additional_features,yes,config/ch1_feature_sets.json; src/chapter1_mortality_decomposition/config.py; src/chapter1_mortality_decomposition/carry_forward.py; src/chapter1_mortality_decomposition/model_ready.py; src/chapter1_mortality_decomposition/pipeline.py; ../icu-data-platform/artifacts/asic_harmonized/blocked/asic_8h_blocked_dynamic_features.csv; ../icu-data-platform/artifacts/asic_harmonized/cohort/chapter1_retained_stays.csv,Extended-additional derived feature built in the current extended feature-set branch; not part of the shared primary contract.
ntprobnp_median,secondary_only,extended_additional_features,yes,config/ch1_feature_sets.json; src/chapter1_mortality_decomposition/config.py; src/chapter1_mortality_decomposition/carry_forward.py; src/chapter1_mortality_decomposition/model_ready.py; src/chapter1_mortality_decomposition/pipeline.py; ../icu-data-platform/artifacts/asic_harmonized/blocked/asic_8h_blocked_dynamic_features.csv; ../icu-data-platform/artifacts/asic_harmonized/cohort/chapter1_retained_stays.csv,Extended-additional derived feature built in the current extended feature-set branch; not part of the shared primary contract.
ntprobnp_min,secondary_only,extended_additional_features,yes,config/ch1_feature_sets.json; src/chapter1_mortality_decomposition/config.py; src/chapter1_mortality_decomposition/carry_forward.py; src/chapter1_mortality_decomposition/model_ready.py; src/chapter1_mortality_decomposition/pipeline.py; ../icu-data-platform/artifacts/asic_harmonized/blocked/asic_8h_blocked_dynamic_features.csv; ../icu-data-platform/artifacts/asic_harmonized/cohort/chapter1_retained_stays.csv,Extended-additional derived feature built in the current extended feature-set branch; not part of the shared primary contract.
ntprobnp_obs_count,secondary_only,extended_additional_features,yes,config/ch1_feature_sets.json; src/chapter1_mortality_decomposition/config.py; src/chapter1_mortality_decomposition/carry_forward.py; src/chapter1_mortality_decomposition/model_ready.py; src/chapter1_mortality_decomposition/pipeline.py; ../icu-data-platform/artifacts/asic_harmonized/blocked/asic_8h_blocked_dynamic_features.csv; ../icu-data-platform/artifacts/asic_harmonized/cohort/chapter1_retained_stays.csv,Extended-additional derived feature built in the current extended feature-set branch; not part of the shared primary contract.
obs_bp_grp_block,secondary_only,observation_process,yes,src/chapter1_mortality_decomposition/observation_process.py; src/chapter1_mortality_decomposition/pipeline.py; src/chapter1_mortality_decomposition/asic_observation_process_sensitivity.py; ../icu-data-platform/artifacts/asic_harmonized/dynamic/harmonized.csv,Current-block blood-pressure-group observation indicator; exported separately and only optionally merged into primary model-ready.
obs_hr_grp_block,secondary_only,observation_process,yes,src/chapter1_mortality_decomposition/observation_process.py; src/chapter1_mortality_decomposition/pipeline.py; src/chapter1_mortality_decomposition/asic_observation_process_sensitivity.py; ../icu-data-platform/artifacts/asic_harmonized/dynamic/harmonized.csv,Current-block HR-group observation indicator; exported separately and only optionally merged into primary model-ready.
obs_oxy_grp_block,secondary_only,observation_process,yes,src/chapter1_mortality_decomposition/observation_process.py; src/chapter1_mortality_decomposition/pipeline.py; src/chapter1_mortality_decomposition/asic_observation_process_sensitivity.py; ../icu-data-platform/artifacts/asic_harmonized/dynamic/harmonized.csv,Current-block oxygenation-group observation indicator; exported separately and only optionally merged into primary model-ready.
obs_resp_grp_block,secondary_only,observation_process,yes,src/chapter1_mortality_decomposition/observation_process.py; src/chapter1_mortality_decomposition/pipeline.py; src/chapter1_mortality_decomposition/asic_observation_process_sensitivity.py; ../icu-data-platform/artifacts/asic_harmonized/dynamic/harmonized.csv,Current-block respiratory-group observation indicator; exported separately and only optionally merged into primary model-ready.
pct_last,secondary_only,extended_additional_features,yes,config/ch1_feature_sets.json; src/chapter1_mortality_decomposition/config.py; src/chapter1_mortality_decomposition/carry_forward.py; src/chapter1_mortality_decomposition/model_ready.py; src/chapter1_mortality_decomposition/pipeline.py; ../icu-data-platform/artifacts/asic_harmonized/blocked/asic_8h_blocked_dynamic_features.csv; ../icu-data-platform/artifacts/asic_harmonized/cohort/chapter1_retained_stays.csv,Extended-additional derived feature built in the current extended feature-set branch; not part of the shared primary contract.
pct_max,secondary_only,extended_additional_features,yes,config/ch1_feature_sets.json; src/chapter1_mortality_decomposition/config.py; src/chapter1_mortality_decomposition/carry_forward.py; src/chapter1_mortality_decomposition/model_ready.py; src/chapter1_mortality_decomposition/pipeline.py; ../icu-data-platform/artifacts/asic_harmonized/blocked/asic_8h_blocked_dynamic_features.csv; ../icu-data-platform/artifacts/asic_harmonized/cohort/chapter1_retained_stays.csv,Extended-additional derived feature built in the current extended feature-set branch; not part of the shared primary contract.
pct_mean,secondary_only,extended_additional_features,yes,config/ch1_feature_sets.json; src/chapter1_mortality_decomposition/config.py; src/chapter1_mortality_decomposition/carry_forward.py; src/chapter1_mortality_decomposition/model_ready.py; src/chapter1_mortality_decomposition/pipeline.py; ../icu-data-platform/artifacts/asic_harmonized/blocked/asic_8h_blocked_dynamic_features.csv; ../icu-data-platform/artifacts/asic_harmonized/cohort/chapter1_retained_stays.csv,Extended-additional derived feature built in the current extended feature-set branch; not part of the shared primary contract.
pct_median,secondary_only,extended_additional_features,yes,config/ch1_feature_sets.json; src/chapter1_mortality_decomposition/config.py; src/chapter1_mortality_decomposition/carry_forward.py; src/chapter1_mortality_decomposition/model_ready.py; src/chapter1_mortality_decomposition/pipeline.py; ../icu-data-platform/artifacts/asic_harmonized/blocked/asic_8h_blocked_dynamic_features.csv; ../icu-data-platform/artifacts/asic_harmonized/cohort/chapter1_retained_stays.csv,Extended-additional derived feature built in the current extended feature-set branch; not part of the shared primary contract.
pct_min,secondary_only,extended_additional_features,yes,config/ch1_feature_sets.json; src/chapter1_mortality_decomposition/config.py; src/chapter1_mortality_decomposition/carry_forward.py; src/chapter1_mortality_decomposition/model_ready.py; src/chapter1_mortality_decomposition/pipeline.py; ../icu-data-platform/artifacts/asic_harmonized/blocked/asic_8h_blocked_dynamic_features.csv; ../icu-data-platform/artifacts/asic_harmonized/cohort/chapter1_retained_stays.csv,Extended-additional derived feature built in the current extended feature-set branch; not part of the shared primary contract.
pct_obs_count,secondary_only,extended_additional_features,yes,config/ch1_feature_sets.json; src/chapter1_mortality_decomposition/config.py; src/chapter1_mortality_decomposition/carry_forward.py; src/chapter1_mortality_decomposition/model_ready.py; src/chapter1_mortality_decomposition/pipeline.py; ../icu-data-platform/artifacts/asic_harmonized/blocked/asic_8h_blocked_dynamic_features.csv; ../icu-data-platform/artifacts/asic_harmonized/cohort/chapter1_retained_stays.csv,Extended-additional derived feature built in the current extended feature-set branch; not part of the shared primary contract.
troponin_last,secondary_only,extended_additional_features,yes,config/ch1_feature_sets.json; src/chapter1_mortality_decomposition/config.py; src/chapter1_mortality_decomposition/carry_forward.py; src/chapter1_mortality_decomposition/model_ready.py; src/chapter1_mortality_decomposition/pipeline.py; ../icu-data-platform/artifacts/asic_harmonized/blocked/asic_8h_blocked_dynamic_features.csv; ../icu-data-platform/artifacts/asic_harmonized/cohort/chapter1_retained_stays.csv,Extended-additional derived feature built in the current extended feature-set branch; not part of the shared primary contract.
troponin_max,secondary_only,extended_additional_features,yes,config/ch1_feature_sets.json; src/chapter1_mortality_decomposition/config.py; src/chapter1_mortality_decomposition/carry_forward.py; src/chapter1_mortality_decomposition/model_ready.py; src/chapter1_mortality_decomposition/pipeline.py; ../icu-data-platform/artifacts/asic_harmonized/blocked/asic_8h_blocked_dynamic_features.csv; ../icu-data-platform/artifacts/asic_harmonized/cohort/chapter1_retained_stays.csv,Extended-additional derived feature built in the current extended feature-set branch; not part of the shared primary contract.
troponin_mean,secondary_only,extended_additional_features,yes,config/ch1_feature_sets.json; src/chapter1_mortality_decomposition/config.py; src/chapter1_mortality_decomposition/carry_forward.py; src/chapter1_mortality_decomposition/model_ready.py; src/chapter1_mortality_decomposition/pipeline.py; ../icu-data-platform/artifacts/asic_harmonized/blocked/asic_8h_blocked_dynamic_features.csv; ../icu-data-platform/artifacts/asic_harmonized/cohort/chapter1_retained_stays.csv,Extended-additional derived feature built in the current extended feature-set branch; not part of the shared primary contract.
troponin_median,secondary_only,extended_additional_features,yes,config/ch1_feature_sets.json; src/chapter1_mortality_decomposition/config.py; src/chapter1_mortality_decomposition/carry_forward.py; src/chapter1_mortality_decomposition/model_ready.py; src/chapter1_mortality_decomposition/pipeline.py; ../icu-data-platform/artifacts/asic_harmonized/blocked/asic_8h_blocked_dynamic_features.csv; ../icu-data-platform/artifacts/asic_harmonized/cohort/chapter1_retained_stays.csv,Extended-additional derived feature built in the current extended feature-set branch; not part of the shared primary contract.
troponin_min,secondary_only,extended_additional_features,yes,config/ch1_feature_sets.json; src/chapter1_mortality_decomposition/config.py; src/chapter1_mortality_decomposition/carry_forward.py; src/chapter1_mortality_decomposition/model_ready.py; src/chapter1_mortality_decomposition/pipeline.py; ../icu-data-platform/artifacts/asic_harmonized/blocked/asic_8h_blocked_dynamic_features.csv; ../icu-data-platform/artifacts/asic_harmonized/cohort/chapter1_retained_stays.csv,Extended-additional derived feature built in the current extended feature-set branch; not part of the shared primary contract.
troponin_obs_count,secondary_only,extended_additional_features,yes,config/ch1_feature_sets.json; src/chapter1_mortality_decomposition/config.py; src/chapter1_mortality_decomposition/carry_forward.py; src/chapter1_mortality_decomposition/model_ready.py; src/chapter1_mortality_decomposition/pipeline.py; ../icu-data-platform/artifacts/asic_harmonized/blocked/asic_8h_blocked_dynamic_features.csv; ../icu-data-platform/artifacts/asic_harmonized/cohort/chapter1_retained_stays.csv,Extended-additional derived feature built in the current extended feature-set branch; not part of the shared primary contract.
tsl_bp_grp_h,secondary_only,observation_process,yes,src/chapter1_mortality_decomposition/observation_process.py; src/chapter1_mortality_decomposition/pipeline.py; src/chapter1_mortality_decomposition/asic_observation_process_sensitivity.py; ../icu-data-platform/artifacts/asic_harmonized/dynamic/harmonized.csv,Hours since last blood-pressure-group observation; exported separately and only optionally merged into primary model-ready.
tsl_hr_grp_h,secondary_only,observation_process,yes,src/chapter1_mortality_decomposition/observation_process.py; src/chapter1_mortality_decomposition/pipeline.py; src/chapter1_mortality_decomposition/asic_observation_process_sensitivity.py; ../icu-data-platform/artifacts/asic_harmonized/dynamic/harmonized.csv,Hours since last HR-group observation; exported separately and only optionally merged into primary model-ready.
tsl_oxy_grp_h,secondary_only,observation_process,yes,src/chapter1_mortality_decomposition/observation_process.py; src/chapter1_mortality_decomposition/pipeline.py; src/chapter1_mortality_decomposition/asic_observation_process_sensitivity.py; ../icu-data-platform/artifacts/asic_harmonized/dynamic/harmonized.csv,Hours since last oxygenation-group observation; exported separately and only optionally merged into primary model-ready.
tsl_resp_grp_h,secondary_only,observation_process,yes,src/chapter1_mortality_decomposition/observation_process.py; src/chapter1_mortality_decomposition/pipeline.py; src/chapter1_mortality_decomposition/asic_observation_process_sensitivity.py; ../icu-data-platform/artifacts/asic_harmonized/dynamic/harmonized.csv,Hours since last respiratory-group observation; exported separately and only optionally merged into primary model-ready.
albumin_last,shared_primary,slower_labs,yes,config/ch1_feature_sets.json; src/chapter1_mortality_decomposition/config.py; src/chapter1_mortality_decomposition/carry_forward.py; src/chapter1_mortality_decomposition/model_ready.py; ../icu-data-platform/artifacts/asic_harmonized/blocked/asic_8h_blocked_dynamic_features.csv; ../icu-data-platform/artifacts/asic_harmonized/cohort/chapter1_retained_stays.csv,Shared primary derived feature; present in primary model-ready table but excluded by the current medians-only baseline selector.
albumin_max,shared_primary,slower_labs,yes,config/ch1_feature_sets.json; src/chapter1_mortality_decomposition/config.py; src/chapter1_mortality_decomposition/carry_forward.py; src/chapter1_mortality_decomposition/model_ready.py; ../icu-data-platform/artifacts/asic_harmonized/blocked/asic_8h_blocked_dynamic_features.csv; ../icu-data-platform/artifacts/asic_harmonized/cohort/chapter1_retained_stays.csv,Shared primary derived feature; present in primary model-ready table but excluded by the current medians-only baseline selector.
albumin_mean,shared_primary,slower_labs,yes,config/ch1_feature_sets.json; src/chapter1_mortality_decomposition/config.py; src/chapter1_mortality_decomposition/carry_forward.py; src/chapter1_mortality_decomposition/model_ready.py; ../icu-data-platform/artifacts/asic_harmonized/blocked/asic_8h_blocked_dynamic_features.csv; ../icu-data-platform/artifacts/asic_harmonized/cohort/chapter1_retained_stays.csv,Shared primary derived feature; present in primary model-ready table but excluded by the current medians-only baseline selector.
albumin_median,shared_primary,slower_labs,yes,config/ch1_feature_sets.json; src/chapter1_mortality_decomposition/config.py; src/chapter1_mortality_decomposition/carry_forward.py; src/chapter1_mortality_decomposition/model_ready.py; ../icu-data-platform/artifacts/asic_harmonized/blocked/asic_8h_blocked_dynamic_features.csv; ../icu-data-platform/artifacts/asic_harmonized/cohort/chapter1_retained_stays.csv,Shared primary derived feature; present in primary model-ready table and retained by current baseline feature selection.
albumin_min,shared_primary,slower_labs,yes,config/ch1_feature_sets.json; src/chapter1_mortality_decomposition/config.py; src/chapter1_mortality_decomposition/carry_forward.py; src/chapter1_mortality_decomposition/model_ready.py; ../icu-data-platform/artifacts/asic_harmonized/blocked/asic_8h_blocked_dynamic_features.csv; ../icu-data-platform/artifacts/asic_harmonized/cohort/chapter1_retained_stays.csv,Shared primary derived feature; present in primary model-ready table but excluded by the current medians-only baseline selector.
albumin_obs_count,shared_primary,slower_labs,yes,config/ch1_feature_sets.json; src/chapter1_mortality_decomposition/config.py; src/chapter1_mortality_decomposition/carry_forward.py; src/chapter1_mortality_decomposition/model_ready.py; ../icu-data-platform/artifacts/asic_harmonized/blocked/asic_8h_blocked_dynamic_features.csv; ../icu-data-platform/artifacts/asic_harmonized/cohort/chapter1_retained_stays.csv,Shared primary derived feature; present in primary model-ready table but excluded by the current medians-only baseline selector.
base_excess_art_last,shared_primary,blood_gas_acid_base,yes,config/ch1_feature_sets.json; src/chapter1_mortality_decomposition/config.py; src/chapter1_mortality_decomposition/carry_forward.py; src/chapter1_mortality_decomposition/model_ready.py; ../icu-data-platform/artifacts/asic_harmonized/blocked/asic_8h_blocked_dynamic_features.csv; ../icu-data-platform/artifacts/asic_harmonized/cohort/chapter1_retained_stays.csv,Shared primary derived feature; present in primary model-ready table but excluded by the current medians-only baseline selector.
base_excess_art_max,shared_primary,blood_gas_acid_base,yes,config/ch1_feature_sets.json; src/chapter1_mortality_decomposition/config.py; src/chapter1_mortality_decomposition/carry_forward.py; src/chapter1_mortality_decomposition/model_ready.py; ../icu-data-platform/artifacts/asic_harmonized/blocked/asic_8h_blocked_dynamic_features.csv; ../icu-data-platform/artifacts/asic_harmonized/cohort/chapter1_retained_stays.csv,Shared primary derived feature; present in primary model-ready table but excluded by the current medians-only baseline selector.
base_excess_art_mean,shared_primary,blood_gas_acid_base,yes,config/ch1_feature_sets.json; src/chapter1_mortality_decomposition/config.py; src/chapter1_mortality_decomposition/carry_forward.py; src/chapter1_mortality_decomposition/model_ready.py; ../icu-data-platform/artifacts/asic_harmonized/blocked/asic_8h_blocked_dynamic_features.csv; ../icu-data-platform/artifacts/asic_harmonized/cohort/chapter1_retained_stays.csv,Shared primary derived feature; present in primary model-ready table but excluded by the current medians-only baseline selector.
base_excess_art_median,shared_primary,blood_gas_acid_base,yes,config/ch1_feature_sets.json; src/chapter1_mortality_decomposition/config.py; src/chapter1_mortality_decomposition/carry_forward.py; src/chapter1_mortality_decomposition/model_ready.py; ../icu-data-platform/artifacts/asic_harmonized/blocked/asic_8h_blocked_dynamic_features.csv; ../icu-data-platform/artifacts/asic_harmonized/cohort/chapter1_retained_stays.csv,Shared primary derived feature; present in primary model-ready table and retained by current baseline feature selection.
base_excess_art_min,shared_primary,blood_gas_acid_base,yes,config/ch1_feature_sets.json; src/chapter1_mortality_decomposition/config.py; src/chapter1_mortality_decomposition/carry_forward.py; src/chapter1_mortality_decomposition/model_ready.py; ../icu-data-platform/artifacts/asic_harmonized/blocked/asic_8h_blocked_dynamic_features.csv; ../icu-data-platform/artifacts/asic_harmonized/cohort/chapter1_retained_stays.csv,Shared primary derived feature; present in primary model-ready table but excluded by the current medians-only baseline selector.
base_excess_art_obs_count,shared_primary,blood_gas_acid_base,yes,config/ch1_feature_sets.json; src/chapter1_mortality_decomposition/config.py; src/chapter1_mortality_decomposition/carry_forward.py; src/chapter1_mortality_decomposition/model_ready.py; ../icu-data-platform/artifacts/asic_harmonized/blocked/asic_8h_blocked_dynamic_features.csv; ../icu-data-platform/artifacts/asic_harmonized/cohort/chapter1_retained_stays.csv,Shared primary derived feature; present in primary model-ready table but excluded by the current medians-only baseline selector.
bicarbonate_art_last,shared_primary,blood_gas_acid_base,yes,config/ch1_feature_sets.json; src/chapter1_mortality_decomposition/config.py; src/chapter1_mortality_decomposition/carry_forward.py; src/chapter1_mortality_decomposition/model_ready.py; ../icu-data-platform/artifacts/asic_harmonized/blocked/asic_8h_blocked_dynamic_features.csv; ../icu-data-platform/artifacts/asic_harmonized/cohort/chapter1_retained_stays.csv,Shared primary derived feature; present in primary model-ready table but excluded by the current medians-only baseline selector.
bicarbonate_art_max,shared_primary,blood_gas_acid_base,yes,config/ch1_feature_sets.json; src/chapter1_mortality_decomposition/config.py; src/chapter1_mortality_decomposition/carry_forward.py; src/chapter1_mortality_decomposition/model_ready.py; ../icu-data-platform/artifacts/asic_harmonized/blocked/asic_8h_blocked_dynamic_features.csv; ../icu-data-platform/artifacts/asic_harmonized/cohort/chapter1_retained_stays.csv,Shared primary derived feature; present in primary model-ready table but excluded by the current medians-only baseline selector.
bicarbonate_art_mean,shared_primary,blood_gas_acid_base,yes,config/ch1_feature_sets.json; src/chapter1_mortality_decomposition/config.py; src/chapter1_mortality_decomposition/carry_forward.py; src/chapter1_mortality_decomposition/model_ready.py; ../icu-data-platform/artifacts/asic_harmonized/blocked/asic_8h_blocked_dynamic_features.csv; ../icu-data-platform/artifacts/asic_harmonized/cohort/chapter1_retained_stays.csv,Shared primary derived feature; present in primary model-ready table but excluded by the current medians-only baseline selector.
bicarbonate_art_median,shared_primary,blood_gas_acid_base,yes,config/ch1_feature_sets.json; src/chapter1_mortality_decomposition/config.py; src/chapter1_mortality_decomposition/carry_forward.py; src/chapter1_mortality_decomposition/model_ready.py; ../icu-data-platform/artifacts/asic_harmonized/blocked/asic_8h_blocked_dynamic_features.csv; ../icu-data-platform/artifacts/asic_harmonized/cohort/chapter1_retained_stays.csv,Shared primary derived feature; present in primary model-ready table and retained by current baseline feature selection.
bicarbonate_art_min,shared_primary,blood_gas_acid_base,yes,config/ch1_feature_sets.json; src/chapter1_mortality_decomposition/config.py; src/chapter1_mortality_decomposition/carry_forward.py; src/chapter1_mortality_decomposition/model_ready.py; ../icu-data-platform/artifacts/asic_harmonized/blocked/asic_8h_blocked_dynamic_features.csv; ../icu-data-platform/artifacts/asic_harmonized/cohort/chapter1_retained_stays.csv,Shared primary derived feature; present in primary model-ready table but excluded by the current medians-only baseline selector.
bicarbonate_art_obs_count,shared_primary,blood_gas_acid_base,yes,config/ch1_feature_sets.json; src/chapter1_mortality_decomposition/config.py; src/chapter1_mortality_decomposition/carry_forward.py; src/chapter1_mortality_decomposition/model_ready.py; ../icu-data-platform/artifacts/asic_harmonized/blocked/asic_8h_blocked_dynamic_features.csv; ../icu-data-platform/artifacts/asic_harmonized/cohort/chapter1_retained_stays.csv,Shared primary derived feature; present in primary model-ready table but excluded by the current medians-only baseline selector.
bilirubin_total_last,shared_primary,slower_labs,yes,config/ch1_feature_sets.json; src/chapter1_mortality_decomposition/config.py; src/chapter1_mortality_decomposition/carry_forward.py; src/chapter1_mortality_decomposition/model_ready.py; ../icu-data-platform/artifacts/asic_harmonized/blocked/asic_8h_blocked_dynamic_features.csv; ../icu-data-platform/artifacts/asic_harmonized/cohort/chapter1_retained_stays.csv,Shared primary derived feature; present in primary model-ready table but excluded by the current medians-only baseline selector.
bilirubin_total_max,shared_primary,slower_labs,yes,config/ch1_feature_sets.json; src/chapter1_mortality_decomposition/config.py; src/chapter1_mortality_decomposition/carry_forward.py; src/chapter1_mortality_decomposition/model_ready.py; ../icu-data-platform/artifacts/asic_harmonized/blocked/asic_8h_blocked_dynamic_features.csv; ../icu-data-platform/artifacts/asic_harmonized/cohort/chapter1_retained_stays.csv,Shared primary derived feature; present in primary model-ready table but excluded by the current medians-only baseline selector.
bilirubin_total_mean,shared_primary,slower_labs,yes,config/ch1_feature_sets.json; src/chapter1_mortality_decomposition/config.py; src/chapter1_mortality_decomposition/carry_forward.py; src/chapter1_mortality_decomposition/model_ready.py; ../icu-data-platform/artifacts/asic_harmonized/blocked/asic_8h_blocked_dynamic_features.csv; ../icu-data-platform/artifacts/asic_harmonized/cohort/chapter1_retained_stays.csv,Shared primary derived feature; present in primary model-ready table but excluded by the current medians-only baseline selector.
bilirubin_total_median,shared_primary,slower_labs,yes,config/ch1_feature_sets.json; src/chapter1_mortality_decomposition/config.py; src/chapter1_mortality_decomposition/carry_forward.py; src/chapter1_mortality_decomposition/model_ready.py; ../icu-data-platform/artifacts/asic_harmonized/blocked/asic_8h_blocked_dynamic_features.csv; ../icu-data-platform/artifacts/asic_harmonized/cohort/chapter1_retained_stays.csv,Shared primary derived feature; present in primary model-ready table and retained by current baseline feature selection.
bilirubin_total_min,shared_primary,slower_labs,yes,config/ch1_feature_sets.json; src/chapter1_mortality_decomposition/config.py; src/chapter1_mortality_decomposition/carry_forward.py; src/chapter1_mortality_decomposition/model_ready.py; ../icu-data-platform/artifacts/asic_harmonized/blocked/asic_8h_blocked_dynamic_features.csv; ../icu-data-platform/artifacts/asic_harmonized/cohort/chapter1_retained_stays.csv,Shared primary derived feature; present in primary model-ready table but excluded by the current medians-only baseline selector.
bilirubin_total_obs_count,shared_primary,slower_labs,yes,config/ch1_feature_sets.json; src/chapter1_mortality_decomposition/config.py; src/chapter1_mortality_decomposition/carry_forward.py; src/chapter1_mortality_decomposition/model_ready.py; ../icu-data-platform/artifacts/asic_harmonized/blocked/asic_8h_blocked_dynamic_features.csv; ../icu-data-platform/artifacts/asic_harmonized/cohort/chapter1_retained_stays.csv,Shared primary derived feature; present in primary model-ready table but excluded by the current medians-only baseline selector.
core_temp_last,shared_primary,fast_bedside_physiology,yes,config/ch1_feature_sets.json; src/chapter1_mortality_decomposition/config.py; src/chapter1_mortality_decomposition/carry_forward.py; src/chapter1_mortality_decomposition/model_ready.py; ../icu-data-platform/artifacts/asic_harmonized/blocked/asic_8h_blocked_dynamic_features.csv; ../icu-data-platform/artifacts/asic_harmonized/cohort/chapter1_retained_stays.csv,Shared primary derived feature; present in primary model-ready table but excluded by the current medians-only baseline selector.
core_temp_max,shared_primary,fast_bedside_physiology,yes,config/ch1_feature_sets.json; src/chapter1_mortality_decomposition/config.py; src/chapter1_mortality_decomposition/carry_forward.py; src/chapter1_mortality_decomposition/model_ready.py; ../icu-data-platform/artifacts/asic_harmonized/blocked/asic_8h_blocked_dynamic_features.csv; ../icu-data-platform/artifacts/asic_harmonized/cohort/chapter1_retained_stays.csv,Shared primary derived feature; present in primary model-ready table but excluded by the current medians-only baseline selector.
core_temp_mean,shared_primary,fast_bedside_physiology,yes,config/ch1_feature_sets.json; src/chapter1_mortality_decomposition/config.py; src/chapter1_mortality_decomposition/carry_forward.py; src/chapter1_mortality_decomposition/model_ready.py; ../icu-data-platform/artifacts/asic_harmonized/blocked/asic_8h_blocked_dynamic_features.csv; ../icu-data-platform/artifacts/asic_harmonized/cohort/chapter1_retained_stays.csv,Shared primary derived feature; present in primary model-ready table but excluded by the current medians-only baseline selector.
core_temp_median,shared_primary,fast_bedside_physiology,yes,config/ch1_feature_sets.json; src/chapter1_mortality_decomposition/config.py; src/chapter1_mortality_decomposition/carry_forward.py; src/chapter1_mortality_decomposition/model_ready.py; ../icu-data-platform/artifacts/asic_harmonized/blocked/asic_8h_blocked_dynamic_features.csv; ../icu-data-platform/artifacts/asic_harmonized/cohort/chapter1_retained_stays.csv,Shared primary derived feature; present in primary model-ready table and retained by current baseline feature selection.
core_temp_min,shared_primary,fast_bedside_physiology,yes,config/ch1_feature_sets.json; src/chapter1_mortality_decomposition/config.py; src/chapter1_mortality_decomposition/carry_forward.py; src/chapter1_mortality_decomposition/model_ready.py; ../icu-data-platform/artifacts/asic_harmonized/blocked/asic_8h_blocked_dynamic_features.csv; ../icu-data-platform/artifacts/asic_harmonized/cohort/chapter1_retained_stays.csv,Shared primary derived feature; present in primary model-ready table but excluded by the current medians-only baseline selector.
core_temp_obs_count,shared_primary,fast_bedside_physiology,yes,config/ch1_feature_sets.json; src/chapter1_mortality_decomposition/config.py; src/chapter1_mortality_decomposition/carry_forward.py; src/chapter1_mortality_decomposition/model_ready.py; ../icu-data-platform/artifacts/asic_harmonized/blocked/asic_8h_blocked_dynamic_features.csv; ../icu-data-platform/artifacts/asic_harmonized/cohort/chapter1_retained_stays.csv,Shared primary derived feature; present in primary model-ready table but excluded by the current medians-only baseline selector.
creatinine_last,shared_primary,slower_labs,yes,config/ch1_feature_sets.json; src/chapter1_mortality_decomposition/config.py; src/chapter1_mortality_decomposition/carry_forward.py; src/chapter1_mortality_decomposition/model_ready.py; ../icu-data-platform/artifacts/asic_harmonized/blocked/asic_8h_blocked_dynamic_features.csv; ../icu-data-platform/artifacts/asic_harmonized/cohort/chapter1_retained_stays.csv,Shared primary derived feature; present in primary model-ready table but excluded by the current medians-only baseline selector.
creatinine_max,shared_primary,slower_labs,yes,config/ch1_feature_sets.json; src/chapter1_mortality_decomposition/config.py; src/chapter1_mortality_decomposition/carry_forward.py; src/chapter1_mortality_decomposition/model_ready.py; ../icu-data-platform/artifacts/asic_harmonized/blocked/asic_8h_blocked_dynamic_features.csv; ../icu-data-platform/artifacts/asic_harmonized/cohort/chapter1_retained_stays.csv,Shared primary derived feature; present in primary model-ready table but excluded by the current medians-only baseline selector.
creatinine_mean,shared_primary,slower_labs,yes,config/ch1_feature_sets.json; src/chapter1_mortality_decomposition/config.py; src/chapter1_mortality_decomposition/carry_forward.py; src/chapter1_mortality_decomposition/model_ready.py; ../icu-data-platform/artifacts/asic_harmonized/blocked/asic_8h_blocked_dynamic_features.csv; ../icu-data-platform/artifacts/asic_harmonized/cohort/chapter1_retained_stays.csv,Shared primary derived feature; present in primary model-ready table but excluded by the current medians-only baseline selector.
creatinine_median,shared_primary,slower_labs,yes,config/ch1_feature_sets.json; src/chapter1_mortality_decomposition/config.py; src/chapter1_mortality_decomposition/carry_forward.py; src/chapter1_mortality_decomposition/model_ready.py; ../icu-data-platform/artifacts/asic_harmonized/blocked/asic_8h_blocked_dynamic_features.csv; ../icu-data-platform/artifacts/asic_harmonized/cohort/chapter1_retained_stays.csv,Shared primary derived feature; present in primary model-ready table and retained by current baseline feature selection.
creatinine_min,shared_primary,slower_labs,yes,config/ch1_feature_sets.json; src/chapter1_mortality_decomposition/config.py; src/chapter1_mortality_decomposition/carry_forward.py; src/chapter1_mortality_decomposition/model_ready.py; ../icu-data-platform/artifacts/asic_harmonized/blocked/asic_8h_blocked_dynamic_features.csv; ../icu-data-platform/artifacts/asic_harmonized/cohort/chapter1_retained_stays.csv,Shared primary derived feature; present in primary model-ready table but excluded by the current medians-only baseline selector.
creatinine_obs_count,shared_primary,slower_labs,yes,config/ch1_feature_sets.json; src/chapter1_mortality_decomposition/config.py; src/chapter1_mortality_decomposition/carry_forward.py; src/chapter1_mortality_decomposition/model_ready.py; ../icu-data-platform/artifacts/asic_harmonized/blocked/asic_8h_blocked_dynamic_features.csv; ../icu-data-platform/artifacts/asic_harmonized/cohort/chapter1_retained_stays.csv,Shared primary derived feature; present in primary model-ready table but excluded by the current medians-only baseline selector.
crp_last,shared_primary,standard_labs,yes,config/ch1_feature_sets.json; src/chapter1_mortality_decomposition/config.py; src/chapter1_mortality_decomposition/carry_forward.py; src/chapter1_mortality_decomposition/model_ready.py; ../icu-data-platform/artifacts/asic_harmonized/blocked/asic_8h_blocked_dynamic_features.csv; ../icu-data-platform/artifacts/asic_harmonized/cohort/chapter1_retained_stays.csv,Shared primary derived feature; present in primary model-ready table but excluded by the current medians-only baseline selector.
crp_max,shared_primary,standard_labs,yes,config/ch1_feature_sets.json; src/chapter1_mortality_decomposition/config.py; src/chapter1_mortality_decomposition/carry_forward.py; src/chapter1_mortality_decomposition/model_ready.py; ../icu-data-platform/artifacts/asic_harmonized/blocked/asic_8h_blocked_dynamic_features.csv; ../icu-data-platform/artifacts/asic_harmonized/cohort/chapter1_retained_stays.csv,Shared primary derived feature; present in primary model-ready table but excluded by the current medians-only baseline selector.
crp_mean,shared_primary,standard_labs,yes,config/ch1_feature_sets.json; src/chapter1_mortality_decomposition/config.py; src/chapter1_mortality_decomposition/carry_forward.py; src/chapter1_mortality_decomposition/model_ready.py; ../icu-data-platform/artifacts/asic_harmonized/blocked/asic_8h_blocked_dynamic_features.csv; ../icu-data-platform/artifacts/asic_harmonized/cohort/chapter1_retained_stays.csv,Shared primary derived feature; present in primary model-ready table but excluded by the current medians-only baseline selector.
crp_median,shared_primary,standard_labs,yes,config/ch1_feature_sets.json; src/chapter1_mortality_decomposition/config.py; src/chapter1_mortality_decomposition/carry_forward.py; src/chapter1_mortality_decomposition/model_ready.py; ../icu-data-platform/artifacts/asic_harmonized/blocked/asic_8h_blocked_dynamic_features.csv; ../icu-data-platform/artifacts/asic_harmonized/cohort/chapter1_retained_stays.csv,Shared primary derived feature; present in primary model-ready table and retained by current baseline feature selection.
crp_min,shared_primary,standard_labs,yes,config/ch1_feature_sets.json; src/chapter1_mortality_decomposition/config.py; src/chapter1_mortality_decomposition/carry_forward.py; src/chapter1_mortality_decomposition/model_ready.py; ../icu-data-platform/artifacts/asic_harmonized/blocked/asic_8h_blocked_dynamic_features.csv; ../icu-data-platform/artifacts/asic_harmonized/cohort/chapter1_retained_stays.csv,Shared primary derived feature; present in primary model-ready table but excluded by the current medians-only baseline selector.
crp_obs_count,shared_primary,standard_labs,yes,config/ch1_feature_sets.json; src/chapter1_mortality_decomposition/config.py; src/chapter1_mortality_decomposition/carry_forward.py; src/chapter1_mortality_decomposition/model_ready.py; ../icu-data-platform/artifacts/asic_harmonized/blocked/asic_8h_blocked_dynamic_features.csv; ../icu-data-platform/artifacts/asic_harmonized/cohort/chapter1_retained_stays.csv,Shared primary derived feature; present in primary model-ready table but excluded by the current medians-only baseline selector.
dbp_last,shared_primary,fast_bedside_physiology,yes,config/ch1_feature_sets.json; src/chapter1_mortality_decomposition/config.py; src/chapter1_mortality_decomposition/carry_forward.py; src/chapter1_mortality_decomposition/model_ready.py; ../icu-data-platform/artifacts/asic_harmonized/blocked/asic_8h_blocked_dynamic_features.csv; ../icu-data-platform/artifacts/asic_harmonized/cohort/chapter1_retained_stays.csv,Shared primary derived feature; present in primary model-ready table but excluded by the current medians-only baseline selector.
dbp_max,shared_primary,fast_bedside_physiology,yes,config/ch1_feature_sets.json; src/chapter1_mortality_decomposition/config.py; src/chapter1_mortality_decomposition/carry_forward.py; src/chapter1_mortality_decomposition/model_ready.py; ../icu-data-platform/artifacts/asic_harmonized/blocked/asic_8h_blocked_dynamic_features.csv; ../icu-data-platform/artifacts/asic_harmonized/cohort/chapter1_retained_stays.csv,Shared primary derived feature; present in primary model-ready table but excluded by the current medians-only baseline selector.
dbp_mean,shared_primary,fast_bedside_physiology,yes,config/ch1_feature_sets.json; src/chapter1_mortality_decomposition/config.py; src/chapter1_mortality_decomposition/carry_forward.py; src/chapter1_mortality_decomposition/model_ready.py; ../icu-data-platform/artifacts/asic_harmonized/blocked/asic_8h_blocked_dynamic_features.csv; ../icu-data-platform/artifacts/asic_harmonized/cohort/chapter1_retained_stays.csv,Shared primary derived feature; present in primary model-ready table but excluded by the current medians-only baseline selector.
dbp_median,shared_primary,fast_bedside_physiology,yes,config/ch1_feature_sets.json; src/chapter1_mortality_decomposition/config.py; src/chapter1_mortality_decomposition/carry_forward.py; src/chapter1_mortality_decomposition/model_ready.py; ../icu-data-platform/artifacts/asic_harmonized/blocked/asic_8h_blocked_dynamic_features.csv; ../icu-data-platform/artifacts/asic_harmonized/cohort/chapter1_retained_stays.csv,Shared primary derived feature; present in primary model-ready table and retained by current baseline feature selection.
dbp_min,shared_primary,fast_bedside_physiology,yes,config/ch1_feature_sets.json; src/chapter1_mortality_decomposition/config.py; src/chapter1_mortality_decomposition/carry_forward.py; src/chapter1_mortality_decomposition/model_ready.py; ../icu-data-platform/artifacts/asic_harmonized/blocked/asic_8h_blocked_dynamic_features.csv; ../icu-data-platform/artifacts/asic_harmonized/cohort/chapter1_retained_stays.csv,Shared primary derived feature; present in primary model-ready table but excluded by the current medians-only baseline selector.
dbp_obs_count,shared_primary,fast_bedside_physiology,yes,config/ch1_feature_sets.json; src/chapter1_mortality_decomposition/config.py; src/chapter1_mortality_decomposition/carry_forward.py; src/chapter1_mortality_decomposition/model_ready.py; ../icu-data-platform/artifacts/asic_harmonized/blocked/asic_8h_blocked_dynamic_features.csv; ../icu-data-platform/artifacts/asic_harmonized/cohort/chapter1_retained_stays.csv,Shared primary derived feature; present in primary model-ready table but excluded by the current medians-only baseline selector.
etco2_last,shared_primary,ventilator_variables,yes,config/ch1_feature_sets.json; src/chapter1_mortality_decomposition/config.py; src/chapter1_mortality_decomposition/carry_forward.py; src/chapter1_mortality_decomposition/model_ready.py; ../icu-data-platform/artifacts/asic_harmonized/blocked/asic_8h_blocked_dynamic_features.csv; ../icu-data-platform/artifacts/asic_harmonized/cohort/chapter1_retained_stays.csv,Shared primary derived feature; present in primary model-ready table but excluded by the current medians-only baseline selector.
etco2_max,shared_primary,ventilator_variables,yes,config/ch1_feature_sets.json; src/chapter1_mortality_decomposition/config.py; src/chapter1_mortality_decomposition/carry_forward.py; src/chapter1_mortality_decomposition/model_ready.py; ../icu-data-platform/artifacts/asic_harmonized/blocked/asic_8h_blocked_dynamic_features.csv; ../icu-data-platform/artifacts/asic_harmonized/cohort/chapter1_retained_stays.csv,Shared primary derived feature; present in primary model-ready table but excluded by the current medians-only baseline selector.
etco2_mean,shared_primary,ventilator_variables,yes,config/ch1_feature_sets.json; src/chapter1_mortality_decomposition/config.py; src/chapter1_mortality_decomposition/carry_forward.py; src/chapter1_mortality_decomposition/model_ready.py; ../icu-data-platform/artifacts/asic_harmonized/blocked/asic_8h_blocked_dynamic_features.csv; ../icu-data-platform/artifacts/asic_harmonized/cohort/chapter1_retained_stays.csv,Shared primary derived feature; present in primary model-ready table but excluded by the current medians-only baseline selector.
etco2_median,shared_primary,ventilator_variables,yes,config/ch1_feature_sets.json; src/chapter1_mortality_decomposition/config.py; src/chapter1_mortality_decomposition/carry_forward.py; src/chapter1_mortality_decomposition/model_ready.py; ../icu-data-platform/artifacts/asic_harmonized/blocked/asic_8h_blocked_dynamic_features.csv; ../icu-data-platform/artifacts/asic_harmonized/cohort/chapter1_retained_stays.csv,Shared primary derived feature; present in primary model-ready table and retained by current baseline feature selection.
etco2_min,shared_primary,ventilator_variables,yes,config/ch1_feature_sets.json; src/chapter1_mortality_decomposition/config.py; src/chapter1_mortality_decomposition/carry_forward.py; src/chapter1_mortality_decomposition/model_ready.py; ../icu-data-platform/artifacts/asic_harmonized/blocked/asic_8h_blocked_dynamic_features.csv; ../icu-data-platform/artifacts/asic_harmonized/cohort/chapter1_retained_stays.csv,Shared primary derived feature; present in primary model-ready table but excluded by the current medians-only baseline selector.
etco2_obs_count,shared_primary,ventilator_variables,yes,config/ch1_feature_sets.json; src/chapter1_mortality_decomposition/config.py; src/chapter1_mortality_decomposition/carry_forward.py; src/chapter1_mortality_decomposition/model_ready.py; ../icu-data-platform/artifacts/asic_harmonized/blocked/asic_8h_blocked_dynamic_features.csv; ../icu-data-platform/artifacts/asic_harmonized/cohort/chapter1_retained_stays.csv,Shared primary derived feature; present in primary model-ready table but excluded by the current medians-only baseline selector.
fio2_last,shared_primary,ventilator_variables,yes,config/ch1_feature_sets.json; src/chapter1_mortality_decomposition/config.py; src/chapter1_mortality_decomposition/carry_forward.py; src/chapter1_mortality_decomposition/model_ready.py; ../icu-data-platform/artifacts/asic_harmonized/blocked/asic_8h_blocked_dynamic_features.csv; ../icu-data-platform/artifacts/asic_harmonized/cohort/chapter1_retained_stays.csv,Shared primary derived feature; present in primary model-ready table but excluded by the current medians-only baseline selector.
fio2_max,shared_primary,ventilator_variables,yes,config/ch1_feature_sets.json; src/chapter1_mortality_decomposition/config.py; src/chapter1_mortality_decomposition/carry_forward.py; src/chapter1_mortality_decomposition/model_ready.py; ../icu-data-platform/artifacts/asic_harmonized/blocked/asic_8h_blocked_dynamic_features.csv; ../icu-data-platform/artifacts/asic_harmonized/cohort/chapter1_retained_stays.csv,Shared primary derived feature; present in primary model-ready table but excluded by the current medians-only baseline selector.
fio2_mean,shared_primary,ventilator_variables,yes,config/ch1_feature_sets.json; src/chapter1_mortality_decomposition/config.py; src/chapter1_mortality_decomposition/carry_forward.py; src/chapter1_mortality_decomposition/model_ready.py; ../icu-data-platform/artifacts/asic_harmonized/blocked/asic_8h_blocked_dynamic_features.csv; ../icu-data-platform/artifacts/asic_harmonized/cohort/chapter1_retained_stays.csv,Shared primary derived feature; present in primary model-ready table but excluded by the current medians-only baseline selector.
fio2_median,shared_primary,ventilator_variables,yes,config/ch1_feature_sets.json; src/chapter1_mortality_decomposition/config.py; src/chapter1_mortality_decomposition/carry_forward.py; src/chapter1_mortality_decomposition/model_ready.py; ../icu-data-platform/artifacts/asic_harmonized/blocked/asic_8h_blocked_dynamic_features.csv; ../icu-data-platform/artifacts/asic_harmonized/cohort/chapter1_retained_stays.csv,Shared primary derived feature; present in primary model-ready table and retained by current baseline feature selection.
fio2_min,shared_primary,ventilator_variables,yes,config/ch1_feature_sets.json; src/chapter1_mortality_decomposition/config.py; src/chapter1_mortality_decomposition/carry_forward.py; src/chapter1_mortality_decomposition/model_ready.py; ../icu-data-platform/artifacts/asic_harmonized/blocked/asic_8h_blocked_dynamic_features.csv; ../icu-data-platform/artifacts/asic_harmonized/cohort/chapter1_retained_stays.csv,Shared primary derived feature; present in primary model-ready table but excluded by the current medians-only baseline selector.
fio2_obs_count,shared_primary,ventilator_variables,yes,config/ch1_feature_sets.json; src/chapter1_mortality_decomposition/config.py; src/chapter1_mortality_decomposition/carry_forward.py; src/chapter1_mortality_decomposition/model_ready.py; ../icu-data-platform/artifacts/asic_harmonized/blocked/asic_8h_blocked_dynamic_features.csv; ../icu-data-platform/artifacts/asic_harmonized/cohort/chapter1_retained_stays.csv,Shared primary derived feature; present in primary model-ready table but excluded by the current medians-only baseline selector.
heart_rate_last,shared_primary,fast_bedside_physiology,yes,config/ch1_feature_sets.json; src/chapter1_mortality_decomposition/config.py; src/chapter1_mortality_decomposition/carry_forward.py; src/chapter1_mortality_decomposition/model_ready.py; ../icu-data-platform/artifacts/asic_harmonized/blocked/asic_8h_blocked_dynamic_features.csv; ../icu-data-platform/artifacts/asic_harmonized/cohort/chapter1_retained_stays.csv,Shared primary derived feature; present in primary model-ready table but excluded by the current medians-only baseline selector.
heart_rate_max,shared_primary,fast_bedside_physiology,yes,config/ch1_feature_sets.json; src/chapter1_mortality_decomposition/config.py; src/chapter1_mortality_decomposition/carry_forward.py; src/chapter1_mortality_decomposition/model_ready.py; ../icu-data-platform/artifacts/asic_harmonized/blocked/asic_8h_blocked_dynamic_features.csv; ../icu-data-platform/artifacts/asic_harmonized/cohort/chapter1_retained_stays.csv,Shared primary derived feature; present in primary model-ready table but excluded by the current medians-only baseline selector.
heart_rate_mean,shared_primary,fast_bedside_physiology,yes,config/ch1_feature_sets.json; src/chapter1_mortality_decomposition/config.py; src/chapter1_mortality_decomposition/carry_forward.py; src/chapter1_mortality_decomposition/model_ready.py; ../icu-data-platform/artifacts/asic_harmonized/blocked/asic_8h_blocked_dynamic_features.csv; ../icu-data-platform/artifacts/asic_harmonized/cohort/chapter1_retained_stays.csv,Shared primary derived feature; present in primary model-ready table but excluded by the current medians-only baseline selector.
heart_rate_median,shared_primary,fast_bedside_physiology,yes,config/ch1_feature_sets.json; src/chapter1_mortality_decomposition/config.py; src/chapter1_mortality_decomposition/carry_forward.py; src/chapter1_mortality_decomposition/model_ready.py; ../icu-data-platform/artifacts/asic_harmonized/blocked/asic_8h_blocked_dynamic_features.csv; ../icu-data-platform/artifacts/asic_harmonized/cohort/chapter1_retained_stays.csv,Shared primary derived feature; present in primary model-ready table and retained by current baseline feature selection.
heart_rate_min,shared_primary,fast_bedside_physiology,yes,config/ch1_feature_sets.json; src/chapter1_mortality_decomposition/config.py; src/chapter1_mortality_decomposition/carry_forward.py; src/chapter1_mortality_decomposition/model_ready.py; ../icu-data-platform/artifacts/asic_harmonized/blocked/asic_8h_blocked_dynamic_features.csv; ../icu-data-platform/artifacts/asic_harmonized/cohort/chapter1_retained_stays.csv,Shared primary derived feature; present in primary model-ready table but excluded by the current medians-only baseline selector.
heart_rate_obs_count,shared_primary,fast_bedside_physiology,yes,config/ch1_feature_sets.json; src/chapter1_mortality_decomposition/config.py; src/chapter1_mortality_decomposition/carry_forward.py; src/chapter1_mortality_decomposition/model_ready.py; ../icu-data-platform/artifacts/asic_harmonized/blocked/asic_8h_blocked_dynamic_features.csv; ../icu-data-platform/artifacts/asic_harmonized/cohort/chapter1_retained_stays.csv,Shared primary derived feature; present in primary model-ready table but excluded by the current medians-only baseline selector.
hematocrit_last,shared_primary,standard_labs,yes,config/ch1_feature_sets.json; src/chapter1_mortality_decomposition/config.py; src/chapter1_mortality_decomposition/carry_forward.py; src/chapter1_mortality_decomposition/model_ready.py; ../icu-data-platform/artifacts/asic_harmonized/blocked/asic_8h_blocked_dynamic_features.csv; ../icu-data-platform/artifacts/asic_harmonized/cohort/chapter1_retained_stays.csv,Shared primary derived feature; present in primary model-ready table but excluded by the current medians-only baseline selector.
hematocrit_max,shared_primary,standard_labs,yes,config/ch1_feature_sets.json; src/chapter1_mortality_decomposition/config.py; src/chapter1_mortality_decomposition/carry_forward.py; src/chapter1_mortality_decomposition/model_ready.py; ../icu-data-platform/artifacts/asic_harmonized/blocked/asic_8h_blocked_dynamic_features.csv; ../icu-data-platform/artifacts/asic_harmonized/cohort/chapter1_retained_stays.csv,Shared primary derived feature; present in primary model-ready table but excluded by the current medians-only baseline selector.
hematocrit_mean,shared_primary,standard_labs,yes,config/ch1_feature_sets.json; src/chapter1_mortality_decomposition/config.py; src/chapter1_mortality_decomposition/carry_forward.py; src/chapter1_mortality_decomposition/model_ready.py; ../icu-data-platform/artifacts/asic_harmonized/blocked/asic_8h_blocked_dynamic_features.csv; ../icu-data-platform/artifacts/asic_harmonized/cohort/chapter1_retained_stays.csv,Shared primary derived feature; present in primary model-ready table but excluded by the current medians-only baseline selector.
hematocrit_median,shared_primary,standard_labs,yes,config/ch1_feature_sets.json; src/chapter1_mortality_decomposition/config.py; src/chapter1_mortality_decomposition/carry_forward.py; src/chapter1_mortality_decomposition/model_ready.py; ../icu-data-platform/artifacts/asic_harmonized/blocked/asic_8h_blocked_dynamic_features.csv; ../icu-data-platform/artifacts/asic_harmonized/cohort/chapter1_retained_stays.csv,Shared primary derived feature; present in primary model-ready table and retained by current baseline feature selection.
hematocrit_min,shared_primary,standard_labs,yes,config/ch1_feature_sets.json; src/chapter1_mortality_decomposition/config.py; src/chapter1_mortality_decomposition/carry_forward.py; src/chapter1_mortality_decomposition/model_ready.py; ../icu-data-platform/artifacts/asic_harmonized/blocked/asic_8h_blocked_dynamic_features.csv; ../icu-data-platform/artifacts/asic_harmonized/cohort/chapter1_retained_stays.csv,Shared primary derived feature; present in primary model-ready table but excluded by the current medians-only baseline selector.
hematocrit_obs_count,shared_primary,standard_labs,yes,config/ch1_feature_sets.json; src/chapter1_mortality_decomposition/config.py; src/chapter1_mortality_decomposition/carry_forward.py; src/chapter1_mortality_decomposition/model_ready.py; ../icu-data-platform/artifacts/asic_harmonized/blocked/asic_8h_blocked_dynamic_features.csv; ../icu-data-platform/artifacts/asic_harmonized/cohort/chapter1_retained_stays.csv,Shared primary derived feature; present in primary model-ready table but excluded by the current medians-only baseline selector.
hemoglobin_last,shared_primary,standard_labs,yes,config/ch1_feature_sets.json; src/chapter1_mortality_decomposition/config.py; src/chapter1_mortality_decomposition/carry_forward.py; src/chapter1_mortality_decomposition/model_ready.py; ../icu-data-platform/artifacts/asic_harmonized/blocked/asic_8h_blocked_dynamic_features.csv; ../icu-data-platform/artifacts/asic_harmonized/cohort/chapter1_retained_stays.csv,Shared primary derived feature; present in primary model-ready table but excluded by the current medians-only baseline selector.
hemoglobin_max,shared_primary,standard_labs,yes,config/ch1_feature_sets.json; src/chapter1_mortality_decomposition/config.py; src/chapter1_mortality_decomposition/carry_forward.py; src/chapter1_mortality_decomposition/model_ready.py; ../icu-data-platform/artifacts/asic_harmonized/blocked/asic_8h_blocked_dynamic_features.csv; ../icu-data-platform/artifacts/asic_harmonized/cohort/chapter1_retained_stays.csv,Shared primary derived feature; present in primary model-ready table but excluded by the current medians-only baseline selector.
hemoglobin_mean,shared_primary,standard_labs,yes,config/ch1_feature_sets.json; src/chapter1_mortality_decomposition/config.py; src/chapter1_mortality_decomposition/carry_forward.py; src/chapter1_mortality_decomposition/model_ready.py; ../icu-data-platform/artifacts/asic_harmonized/blocked/asic_8h_blocked_dynamic_features.csv; ../icu-data-platform/artifacts/asic_harmonized/cohort/chapter1_retained_stays.csv,Shared primary derived feature; present in primary model-ready table but excluded by the current medians-only baseline selector.
hemoglobin_median,shared_primary,standard_labs,yes,config/ch1_feature_sets.json; src/chapter1_mortality_decomposition/config.py; src/chapter1_mortality_decomposition/carry_forward.py; src/chapter1_mortality_decomposition/model_ready.py; ../icu-data-platform/artifacts/asic_harmonized/blocked/asic_8h_blocked_dynamic_features.csv; ../icu-data-platform/artifacts/asic_harmonized/cohort/chapter1_retained_stays.csv,Shared primary derived feature; present in primary model-ready table and retained by current baseline feature selection.
hemoglobin_min,shared_primary,standard_labs,yes,config/ch1_feature_sets.json; src/chapter1_mortality_decomposition/config.py; src/chapter1_mortality_decomposition/carry_forward.py; src/chapter1_mortality_decomposition/model_ready.py; ../icu-data-platform/artifacts/asic_harmonized/blocked/asic_8h_blocked_dynamic_features.csv; ../icu-data-platform/artifacts/asic_harmonized/cohort/chapter1_retained_stays.csv,Shared primary derived feature; present in primary model-ready table but excluded by the current medians-only baseline selector.
hemoglobin_obs_count,shared_primary,standard_labs,yes,config/ch1_feature_sets.json; src/chapter1_mortality_decomposition/config.py; src/chapter1_mortality_decomposition/carry_forward.py; src/chapter1_mortality_decomposition/model_ready.py; ../icu-data-platform/artifacts/asic_harmonized/blocked/asic_8h_blocked_dynamic_features.csv; ../icu-data-platform/artifacts/asic_harmonized/cohort/chapter1_retained_stays.csv,Shared primary derived feature; present in primary model-ready table but excluded by the current medians-only baseline selector.
inr_last,shared_primary,standard_labs,yes,config/ch1_feature_sets.json; src/chapter1_mortality_decomposition/config.py; src/chapter1_mortality_decomposition/carry_forward.py; src/chapter1_mortality_decomposition/model_ready.py; ../icu-data-platform/artifacts/asic_harmonized/blocked/asic_8h_blocked_dynamic_features.csv; ../icu-data-platform/artifacts/asic_harmonized/cohort/chapter1_retained_stays.csv,Shared primary derived feature; present in primary model-ready table but excluded by the current medians-only baseline selector.
inr_max,shared_primary,standard_labs,yes,config/ch1_feature_sets.json; src/chapter1_mortality_decomposition/config.py; src/chapter1_mortality_decomposition/carry_forward.py; src/chapter1_mortality_decomposition/model_ready.py; ../icu-data-platform/artifacts/asic_harmonized/blocked/asic_8h_blocked_dynamic_features.csv; ../icu-data-platform/artifacts/asic_harmonized/cohort/chapter1_retained_stays.csv,Shared primary derived feature; present in primary model-ready table but excluded by the current medians-only baseline selector.
inr_mean,shared_primary,standard_labs,yes,config/ch1_feature_sets.json; src/chapter1_mortality_decomposition/config.py; src/chapter1_mortality_decomposition/carry_forward.py; src/chapter1_mortality_decomposition/model_ready.py; ../icu-data-platform/artifacts/asic_harmonized/blocked/asic_8h_blocked_dynamic_features.csv; ../icu-data-platform/artifacts/asic_harmonized/cohort/chapter1_retained_stays.csv,Shared primary derived feature; present in primary model-ready table but excluded by the current medians-only baseline selector.
inr_median,shared_primary,standard_labs,yes,config/ch1_feature_sets.json; src/chapter1_mortality_decomposition/config.py; src/chapter1_mortality_decomposition/carry_forward.py; src/chapter1_mortality_decomposition/model_ready.py; ../icu-data-platform/artifacts/asic_harmonized/blocked/asic_8h_blocked_dynamic_features.csv; ../icu-data-platform/artifacts/asic_harmonized/cohort/chapter1_retained_stays.csv,Shared primary derived feature; present in primary model-ready table and retained by current baseline feature selection.
inr_min,shared_primary,standard_labs,yes,config/ch1_feature_sets.json; src/chapter1_mortality_decomposition/config.py; src/chapter1_mortality_decomposition/carry_forward.py; src/chapter1_mortality_decomposition/model_ready.py; ../icu-data-platform/artifacts/asic_harmonized/blocked/asic_8h_blocked_dynamic_features.csv; ../icu-data-platform/artifacts/asic_harmonized/cohort/chapter1_retained_stays.csv,Shared primary derived feature; present in primary model-ready table but excluded by the current medians-only baseline selector.
inr_obs_count,shared_primary,standard_labs,yes,config/ch1_feature_sets.json; src/chapter1_mortality_decomposition/config.py; src/chapter1_mortality_decomposition/carry_forward.py; src/chapter1_mortality_decomposition/model_ready.py; ../icu-data-platform/artifacts/asic_harmonized/blocked/asic_8h_blocked_dynamic_features.csv; ../icu-data-platform/artifacts/asic_harmonized/cohort/chapter1_retained_stays.csv,Shared primary derived feature; present in primary model-ready table but excluded by the current medians-only baseline selector.
lactate_art_last,shared_primary,lactate,yes,config/ch1_feature_sets.json; src/chapter1_mortality_decomposition/config.py; src/chapter1_mortality_decomposition/carry_forward.py; src/chapter1_mortality_decomposition/model_ready.py; ../icu-data-platform/artifacts/asic_harmonized/blocked/asic_8h_blocked_dynamic_features.csv; ../icu-data-platform/artifacts/asic_harmonized/cohort/chapter1_retained_stays.csv,Shared primary derived feature; present in primary model-ready table but excluded by the current medians-only baseline selector.
lactate_art_max,shared_primary,lactate,yes,config/ch1_feature_sets.json; src/chapter1_mortality_decomposition/config.py; src/chapter1_mortality_decomposition/carry_forward.py; src/chapter1_mortality_decomposition/model_ready.py; ../icu-data-platform/artifacts/asic_harmonized/blocked/asic_8h_blocked_dynamic_features.csv; ../icu-data-platform/artifacts/asic_harmonized/cohort/chapter1_retained_stays.csv,Shared primary derived feature; present in primary model-ready table but excluded by the current medians-only baseline selector.
lactate_art_mean,shared_primary,lactate,yes,config/ch1_feature_sets.json; src/chapter1_mortality_decomposition/config.py; src/chapter1_mortality_decomposition/carry_forward.py; src/chapter1_mortality_decomposition/model_ready.py; ../icu-data-platform/artifacts/asic_harmonized/blocked/asic_8h_blocked_dynamic_features.csv; ../icu-data-platform/artifacts/asic_harmonized/cohort/chapter1_retained_stays.csv,Shared primary derived feature; present in primary model-ready table but excluded by the current medians-only baseline selector.
lactate_art_median,shared_primary,lactate,yes,config/ch1_feature_sets.json; src/chapter1_mortality_decomposition/config.py; src/chapter1_mortality_decomposition/carry_forward.py; src/chapter1_mortality_decomposition/model_ready.py; ../icu-data-platform/artifacts/asic_harmonized/blocked/asic_8h_blocked_dynamic_features.csv; ../icu-data-platform/artifacts/asic_harmonized/cohort/chapter1_retained_stays.csv,Shared primary derived feature; present in primary model-ready table and retained by current baseline feature selection.
lactate_art_min,shared_primary,lactate,yes,config/ch1_feature_sets.json; src/chapter1_mortality_decomposition/config.py; src/chapter1_mortality_decomposition/carry_forward.py; src/chapter1_mortality_decomposition/model_ready.py; ../icu-data-platform/artifacts/asic_harmonized/blocked/asic_8h_blocked_dynamic_features.csv; ../icu-data-platform/artifacts/asic_harmonized/cohort/chapter1_retained_stays.csv,Shared primary derived feature; present in primary model-ready table but excluded by the current medians-only baseline selector.
lactate_art_obs_count,shared_primary,lactate,yes,config/ch1_feature_sets.json; src/chapter1_mortality_decomposition/config.py; src/chapter1_mortality_decomposition/carry_forward.py; src/chapter1_mortality_decomposition/model_ready.py; ../icu-data-platform/artifacts/asic_harmonized/blocked/asic_8h_blocked_dynamic_features.csv; ../icu-data-platform/artifacts/asic_harmonized/cohort/chapter1_retained_stays.csv,Shared primary derived feature; present in primary model-ready table but excluded by the current medians-only baseline selector.
map_last,shared_primary,fast_bedside_physiology,yes,config/ch1_feature_sets.json; src/chapter1_mortality_decomposition/config.py; src/chapter1_mortality_decomposition/carry_forward.py; src/chapter1_mortality_decomposition/model_ready.py; ../icu-data-platform/artifacts/asic_harmonized/blocked/asic_8h_blocked_dynamic_features.csv; ../icu-data-platform/artifacts/asic_harmonized/cohort/chapter1_retained_stays.csv,Shared primary derived feature; present in primary model-ready table but excluded by the current medians-only baseline selector.
map_max,shared_primary,fast_bedside_physiology,yes,config/ch1_feature_sets.json; src/chapter1_mortality_decomposition/config.py; src/chapter1_mortality_decomposition/carry_forward.py; src/chapter1_mortality_decomposition/model_ready.py; ../icu-data-platform/artifacts/asic_harmonized/blocked/asic_8h_blocked_dynamic_features.csv; ../icu-data-platform/artifacts/asic_harmonized/cohort/chapter1_retained_stays.csv,Shared primary derived feature; present in primary model-ready table but excluded by the current medians-only baseline selector.
map_mean,shared_primary,fast_bedside_physiology,yes,config/ch1_feature_sets.json; src/chapter1_mortality_decomposition/config.py; src/chapter1_mortality_decomposition/carry_forward.py; src/chapter1_mortality_decomposition/model_ready.py; ../icu-data-platform/artifacts/asic_harmonized/blocked/asic_8h_blocked_dynamic_features.csv; ../icu-data-platform/artifacts/asic_harmonized/cohort/chapter1_retained_stays.csv,Shared primary derived feature; present in primary model-ready table but excluded by the current medians-only baseline selector.
map_median,shared_primary,fast_bedside_physiology,yes,config/ch1_feature_sets.json; src/chapter1_mortality_decomposition/config.py; src/chapter1_mortality_decomposition/carry_forward.py; src/chapter1_mortality_decomposition/model_ready.py; ../icu-data-platform/artifacts/asic_harmonized/blocked/asic_8h_blocked_dynamic_features.csv; ../icu-data-platform/artifacts/asic_harmonized/cohort/chapter1_retained_stays.csv,Shared primary derived feature; present in primary model-ready table and retained by current baseline feature selection.
map_min,shared_primary,fast_bedside_physiology,yes,config/ch1_feature_sets.json; src/chapter1_mortality_decomposition/config.py; src/chapter1_mortality_decomposition/carry_forward.py; src/chapter1_mortality_decomposition/model_ready.py; ../icu-data-platform/artifacts/asic_harmonized/blocked/asic_8h_blocked_dynamic_features.csv; ../icu-data-platform/artifacts/asic_harmonized/cohort/chapter1_retained_stays.csv,Shared primary derived feature; present in primary model-ready table but excluded by the current medians-only baseline selector.
map_obs_count,shared_primary,fast_bedside_physiology,yes,config/ch1_feature_sets.json; src/chapter1_mortality_decomposition/config.py; src/chapter1_mortality_decomposition/carry_forward.py; src/chapter1_mortality_decomposition/model_ready.py; ../icu-data-platform/artifacts/asic_harmonized/blocked/asic_8h_blocked_dynamic_features.csv; ../icu-data-platform/artifacts/asic_harmonized/cohort/chapter1_retained_stays.csv,Shared primary derived feature; present in primary model-ready table but excluded by the current medians-only baseline selector.
paco2_last,shared_primary,blood_gas_acid_base,yes,config/ch1_feature_sets.json; src/chapter1_mortality_decomposition/config.py; src/chapter1_mortality_decomposition/carry_forward.py; src/chapter1_mortality_decomposition/model_ready.py; ../icu-data-platform/artifacts/asic_harmonized/blocked/asic_8h_blocked_dynamic_features.csv; ../icu-data-platform/artifacts/asic_harmonized/cohort/chapter1_retained_stays.csv,Shared primary derived feature; present in primary model-ready table but excluded by the current medians-only baseline selector.
paco2_max,shared_primary,blood_gas_acid_base,yes,config/ch1_feature_sets.json; src/chapter1_mortality_decomposition/config.py; src/chapter1_mortality_decomposition/carry_forward.py; src/chapter1_mortality_decomposition/model_ready.py; ../icu-data-platform/artifacts/asic_harmonized/blocked/asic_8h_blocked_dynamic_features.csv; ../icu-data-platform/artifacts/asic_harmonized/cohort/chapter1_retained_stays.csv,Shared primary derived feature; present in primary model-ready table but excluded by the current medians-only baseline selector.
paco2_mean,shared_primary,blood_gas_acid_base,yes,config/ch1_feature_sets.json; src/chapter1_mortality_decomposition/config.py; src/chapter1_mortality_decomposition/carry_forward.py; src/chapter1_mortality_decomposition/model_ready.py; ../icu-data-platform/artifacts/asic_harmonized/blocked/asic_8h_blocked_dynamic_features.csv; ../icu-data-platform/artifacts/asic_harmonized/cohort/chapter1_retained_stays.csv,Shared primary derived feature; present in primary model-ready table but excluded by the current medians-only baseline selector.
paco2_median,shared_primary,blood_gas_acid_base,yes,config/ch1_feature_sets.json; src/chapter1_mortality_decomposition/config.py; src/chapter1_mortality_decomposition/carry_forward.py; src/chapter1_mortality_decomposition/model_ready.py; ../icu-data-platform/artifacts/asic_harmonized/blocked/asic_8h_blocked_dynamic_features.csv; ../icu-data-platform/artifacts/asic_harmonized/cohort/chapter1_retained_stays.csv,Shared primary derived feature; present in primary model-ready table and retained by current baseline feature selection.
paco2_min,shared_primary,blood_gas_acid_base,yes,config/ch1_feature_sets.json; src/chapter1_mortality_decomposition/config.py; src/chapter1_mortality_decomposition/carry_forward.py; src/chapter1_mortality_decomposition/model_ready.py; ../icu-data-platform/artifacts/asic_harmonized/blocked/asic_8h_blocked_dynamic_features.csv; ../icu-data-platform/artifacts/asic_harmonized/cohort/chapter1_retained_stays.csv,Shared primary derived feature; present in primary model-ready table but excluded by the current medians-only baseline selector.
paco2_obs_count,shared_primary,blood_gas_acid_base,yes,config/ch1_feature_sets.json; src/chapter1_mortality_decomposition/config.py; src/chapter1_mortality_decomposition/carry_forward.py; src/chapter1_mortality_decomposition/model_ready.py; ../icu-data-platform/artifacts/asic_harmonized/blocked/asic_8h_blocked_dynamic_features.csv; ../icu-data-platform/artifacts/asic_harmonized/cohort/chapter1_retained_stays.csv,Shared primary derived feature; present in primary model-ready table but excluded by the current medians-only baseline selector.
pao2_last,shared_primary,blood_gas_acid_base,yes,config/ch1_feature_sets.json; src/chapter1_mortality_decomposition/config.py; src/chapter1_mortality_decomposition/carry_forward.py; src/chapter1_mortality_decomposition/model_ready.py; ../icu-data-platform/artifacts/asic_harmonized/blocked/asic_8h_blocked_dynamic_features.csv; ../icu-data-platform/artifacts/asic_harmonized/cohort/chapter1_retained_stays.csv,Shared primary derived feature; present in primary model-ready table but excluded by the current medians-only baseline selector.
pao2_max,shared_primary,blood_gas_acid_base,yes,config/ch1_feature_sets.json; src/chapter1_mortality_decomposition/config.py; src/chapter1_mortality_decomposition/carry_forward.py; src/chapter1_mortality_decomposition/model_ready.py; ../icu-data-platform/artifacts/asic_harmonized/blocked/asic_8h_blocked_dynamic_features.csv; ../icu-data-platform/artifacts/asic_harmonized/cohort/chapter1_retained_stays.csv,Shared primary derived feature; present in primary model-ready table but excluded by the current medians-only baseline selector.
pao2_mean,shared_primary,blood_gas_acid_base,yes,config/ch1_feature_sets.json; src/chapter1_mortality_decomposition/config.py; src/chapter1_mortality_decomposition/carry_forward.py; src/chapter1_mortality_decomposition/model_ready.py; ../icu-data-platform/artifacts/asic_harmonized/blocked/asic_8h_blocked_dynamic_features.csv; ../icu-data-platform/artifacts/asic_harmonized/cohort/chapter1_retained_stays.csv,Shared primary derived feature; present in primary model-ready table but excluded by the current medians-only baseline selector.
pao2_median,shared_primary,blood_gas_acid_base,yes,config/ch1_feature_sets.json; src/chapter1_mortality_decomposition/config.py; src/chapter1_mortality_decomposition/carry_forward.py; src/chapter1_mortality_decomposition/model_ready.py; ../icu-data-platform/artifacts/asic_harmonized/blocked/asic_8h_blocked_dynamic_features.csv; ../icu-data-platform/artifacts/asic_harmonized/cohort/chapter1_retained_stays.csv,Shared primary derived feature; present in primary model-ready table and retained by current baseline feature selection.
pao2_min,shared_primary,blood_gas_acid_base,yes,config/ch1_feature_sets.json; src/chapter1_mortality_decomposition/config.py; src/chapter1_mortality_decomposition/carry_forward.py; src/chapter1_mortality_decomposition/model_ready.py; ../icu-data-platform/artifacts/asic_harmonized/blocked/asic_8h_blocked_dynamic_features.csv; ../icu-data-platform/artifacts/asic_harmonized/cohort/chapter1_retained_stays.csv,Shared primary derived feature; present in primary model-ready table but excluded by the current medians-only baseline selector.
pao2_obs_count,shared_primary,blood_gas_acid_base,yes,config/ch1_feature_sets.json; src/chapter1_mortality_decomposition/config.py; src/chapter1_mortality_decomposition/carry_forward.py; src/chapter1_mortality_decomposition/model_ready.py; ../icu-data-platform/artifacts/asic_harmonized/blocked/asic_8h_blocked_dynamic_features.csv; ../icu-data-platform/artifacts/asic_harmonized/cohort/chapter1_retained_stays.csv,Shared primary derived feature; present in primary model-ready table but excluded by the current medians-only baseline selector.
peep_last,shared_primary,ventilator_variables,yes,config/ch1_feature_sets.json; src/chapter1_mortality_decomposition/config.py; src/chapter1_mortality_decomposition/carry_forward.py; src/chapter1_mortality_decomposition/model_ready.py; ../icu-data-platform/artifacts/asic_harmonized/blocked/asic_8h_blocked_dynamic_features.csv; ../icu-data-platform/artifacts/asic_harmonized/cohort/chapter1_retained_stays.csv,Shared primary derived feature; present in primary model-ready table but excluded by the current medians-only baseline selector.
peep_max,shared_primary,ventilator_variables,yes,config/ch1_feature_sets.json; src/chapter1_mortality_decomposition/config.py; src/chapter1_mortality_decomposition/carry_forward.py; src/chapter1_mortality_decomposition/model_ready.py; ../icu-data-platform/artifacts/asic_harmonized/blocked/asic_8h_blocked_dynamic_features.csv; ../icu-data-platform/artifacts/asic_harmonized/cohort/chapter1_retained_stays.csv,Shared primary derived feature; present in primary model-ready table but excluded by the current medians-only baseline selector.
peep_mean,shared_primary,ventilator_variables,yes,config/ch1_feature_sets.json; src/chapter1_mortality_decomposition/config.py; src/chapter1_mortality_decomposition/carry_forward.py; src/chapter1_mortality_decomposition/model_ready.py; ../icu-data-platform/artifacts/asic_harmonized/blocked/asic_8h_blocked_dynamic_features.csv; ../icu-data-platform/artifacts/asic_harmonized/cohort/chapter1_retained_stays.csv,Shared primary derived feature; present in primary model-ready table but excluded by the current medians-only baseline selector.
peep_median,shared_primary,ventilator_variables,yes,config/ch1_feature_sets.json; src/chapter1_mortality_decomposition/config.py; src/chapter1_mortality_decomposition/carry_forward.py; src/chapter1_mortality_decomposition/model_ready.py; ../icu-data-platform/artifacts/asic_harmonized/blocked/asic_8h_blocked_dynamic_features.csv; ../icu-data-platform/artifacts/asic_harmonized/cohort/chapter1_retained_stays.csv,Shared primary derived feature; present in primary model-ready table and retained by current baseline feature selection.
peep_min,shared_primary,ventilator_variables,yes,config/ch1_feature_sets.json; src/chapter1_mortality_decomposition/config.py; src/chapter1_mortality_decomposition/carry_forward.py; src/chapter1_mortality_decomposition/model_ready.py; ../icu-data-platform/artifacts/asic_harmonized/blocked/asic_8h_blocked_dynamic_features.csv; ../icu-data-platform/artifacts/asic_harmonized/cohort/chapter1_retained_stays.csv,Shared primary derived feature; present in primary model-ready table but excluded by the current medians-only baseline selector.
peep_obs_count,shared_primary,ventilator_variables,yes,config/ch1_feature_sets.json; src/chapter1_mortality_decomposition/config.py; src/chapter1_mortality_decomposition/carry_forward.py; src/chapter1_mortality_decomposition/model_ready.py; ../icu-data-platform/artifacts/asic_harmonized/blocked/asic_8h_blocked_dynamic_features.csv; ../icu-data-platform/artifacts/asic_harmonized/cohort/chapter1_retained_stays.csv,Shared primary derived feature; present in primary model-ready table but excluded by the current medians-only baseline selector.
pf_ratio_last,shared_primary,shared_primary_dynamic,yes,config/ch1_feature_sets.json; src/chapter1_mortality_decomposition/config.py; src/chapter1_mortality_decomposition/carry_forward.py; src/chapter1_mortality_decomposition/model_ready.py; ../icu-data-platform/artifacts/asic_harmonized/blocked/asic_8h_blocked_dynamic_features.csv; ../icu-data-platform/artifacts/asic_harmonized/cohort/chapter1_retained_stays.csv,Shared primary derived feature; present in primary model-ready table but excluded by the current medians-only baseline selector.
pf_ratio_max,shared_primary,shared_primary_dynamic,yes,config/ch1_feature_sets.json; src/chapter1_mortality_decomposition/config.py; src/chapter1_mortality_decomposition/carry_forward.py; src/chapter1_mortality_decomposition/model_ready.py; ../icu-data-platform/artifacts/asic_harmonized/blocked/asic_8h_blocked_dynamic_features.csv; ../icu-data-platform/artifacts/asic_harmonized/cohort/chapter1_retained_stays.csv,Shared primary derived feature; present in primary model-ready table but excluded by the current medians-only baseline selector.
pf_ratio_mean,shared_primary,shared_primary_dynamic,yes,config/ch1_feature_sets.json; src/chapter1_mortality_decomposition/config.py; src/chapter1_mortality_decomposition/carry_forward.py; src/chapter1_mortality_decomposition/model_ready.py; ../icu-data-platform/artifacts/asic_harmonized/blocked/asic_8h_blocked_dynamic_features.csv; ../icu-data-platform/artifacts/asic_harmonized/cohort/chapter1_retained_stays.csv,Shared primary derived feature; present in primary model-ready table but excluded by the current medians-only baseline selector.
pf_ratio_median,shared_primary,shared_primary_dynamic,yes,config/ch1_feature_sets.json; src/chapter1_mortality_decomposition/config.py; src/chapter1_mortality_decomposition/carry_forward.py; src/chapter1_mortality_decomposition/model_ready.py; ../icu-data-platform/artifacts/asic_harmonized/blocked/asic_8h_blocked_dynamic_features.csv; ../icu-data-platform/artifacts/asic_harmonized/cohort/chapter1_retained_stays.csv,Shared primary derived feature; present in primary model-ready table and retained by current baseline feature selection.
pf_ratio_min,shared_primary,shared_primary_dynamic,yes,config/ch1_feature_sets.json; src/chapter1_mortality_decomposition/config.py; src/chapter1_mortality_decomposition/carry_forward.py; src/chapter1_mortality_decomposition/model_ready.py; ../icu-data-platform/artifacts/asic_harmonized/blocked/asic_8h_blocked_dynamic_features.csv; ../icu-data-platform/artifacts/asic_harmonized/cohort/chapter1_retained_stays.csv,Shared primary derived feature; present in primary model-ready table but excluded by the current medians-only baseline selector.
pf_ratio_obs_count,shared_primary,shared_primary_dynamic,yes,config/ch1_feature_sets.json; src/chapter1_mortality_decomposition/config.py; src/chapter1_mortality_decomposition/carry_forward.py; src/chapter1_mortality_decomposition/model_ready.py; ../icu-data-platform/artifacts/asic_harmonized/blocked/asic_8h_blocked_dynamic_features.csv; ../icu-data-platform/artifacts/asic_harmonized/cohort/chapter1_retained_stays.csv,Shared primary derived feature; present in primary model-ready table but excluded by the current medians-only baseline selector.
ph_art_last,shared_primary,blood_gas_acid_base,yes,config/ch1_feature_sets.json; src/chapter1_mortality_decomposition/config.py; src/chapter1_mortality_decomposition/carry_forward.py; src/chapter1_mortality_decomposition/model_ready.py; ../icu-data-platform/artifacts/asic_harmonized/blocked/asic_8h_blocked_dynamic_features.csv; ../icu-data-platform/artifacts/asic_harmonized/cohort/chapter1_retained_stays.csv,Shared primary derived feature; present in primary model-ready table but excluded by the current medians-only baseline selector.
ph_art_max,shared_primary,blood_gas_acid_base,yes,config/ch1_feature_sets.json; src/chapter1_mortality_decomposition/config.py; src/chapter1_mortality_decomposition/carry_forward.py; src/chapter1_mortality_decomposition/model_ready.py; ../icu-data-platform/artifacts/asic_harmonized/blocked/asic_8h_blocked_dynamic_features.csv; ../icu-data-platform/artifacts/asic_harmonized/cohort/chapter1_retained_stays.csv,Shared primary derived feature; present in primary model-ready table but excluded by the current medians-only baseline selector.
ph_art_mean,shared_primary,blood_gas_acid_base,yes,config/ch1_feature_sets.json; src/chapter1_mortality_decomposition/config.py; src/chapter1_mortality_decomposition/carry_forward.py; src/chapter1_mortality_decomposition/model_ready.py; ../icu-data-platform/artifacts/asic_harmonized/blocked/asic_8h_blocked_dynamic_features.csv; ../icu-data-platform/artifacts/asic_harmonized/cohort/chapter1_retained_stays.csv,Shared primary derived feature; present in primary model-ready table but excluded by the current medians-only baseline selector.
ph_art_median,shared_primary,blood_gas_acid_base,yes,config/ch1_feature_sets.json; src/chapter1_mortality_decomposition/config.py; src/chapter1_mortality_decomposition/carry_forward.py; src/chapter1_mortality_decomposition/model_ready.py; ../icu-data-platform/artifacts/asic_harmonized/blocked/asic_8h_blocked_dynamic_features.csv; ../icu-data-platform/artifacts/asic_harmonized/cohort/chapter1_retained_stays.csv,Shared primary derived feature; present in primary model-ready table and retained by current baseline feature selection.
ph_art_min,shared_primary,blood_gas_acid_base,yes,config/ch1_feature_sets.json; src/chapter1_mortality_decomposition/config.py; src/chapter1_mortality_decomposition/carry_forward.py; src/chapter1_mortality_decomposition/model_ready.py; ../icu-data-platform/artifacts/asic_harmonized/blocked/asic_8h_blocked_dynamic_features.csv; ../icu-data-platform/artifacts/asic_harmonized/cohort/chapter1_retained_stays.csv,Shared primary derived feature; present in primary model-ready table but excluded by the current medians-only baseline selector.
ph_art_obs_count,shared_primary,blood_gas_acid_base,yes,config/ch1_feature_sets.json; src/chapter1_mortality_decomposition/config.py; src/chapter1_mortality_decomposition/carry_forward.py; src/chapter1_mortality_decomposition/model_ready.py; ../icu-data-platform/artifacts/asic_harmonized/blocked/asic_8h_blocked_dynamic_features.csv; ../icu-data-platform/artifacts/asic_harmonized/cohort/chapter1_retained_stays.csv,Shared primary derived feature; present in primary model-ready table but excluded by the current medians-only baseline selector.
platelets_last,shared_primary,standard_labs,yes,config/ch1_feature_sets.json; src/chapter1_mortality_decomposition/config.py; src/chapter1_mortality_decomposition/carry_forward.py; src/chapter1_mortality_decomposition/model_ready.py; ../icu-data-platform/artifacts/asic_harmonized/blocked/asic_8h_blocked_dynamic_features.csv; ../icu-data-platform/artifacts/asic_harmonized/cohort/chapter1_retained_stays.csv,Shared primary derived feature; present in primary model-ready table but excluded by the current medians-only baseline selector.
platelets_max,shared_primary,standard_labs,yes,config/ch1_feature_sets.json; src/chapter1_mortality_decomposition/config.py; src/chapter1_mortality_decomposition/carry_forward.py; src/chapter1_mortality_decomposition/model_ready.py; ../icu-data-platform/artifacts/asic_harmonized/blocked/asic_8h_blocked_dynamic_features.csv; ../icu-data-platform/artifacts/asic_harmonized/cohort/chapter1_retained_stays.csv,Shared primary derived feature; present in primary model-ready table but excluded by the current medians-only baseline selector.
platelets_mean,shared_primary,standard_labs,yes,config/ch1_feature_sets.json; src/chapter1_mortality_decomposition/config.py; src/chapter1_mortality_decomposition/carry_forward.py; src/chapter1_mortality_decomposition/model_ready.py; ../icu-data-platform/artifacts/asic_harmonized/blocked/asic_8h_blocked_dynamic_features.csv; ../icu-data-platform/artifacts/asic_harmonized/cohort/chapter1_retained_stays.csv,Shared primary derived feature; present in primary model-ready table but excluded by the current medians-only baseline selector.
platelets_median,shared_primary,standard_labs,yes,config/ch1_feature_sets.json; src/chapter1_mortality_decomposition/config.py; src/chapter1_mortality_decomposition/carry_forward.py; src/chapter1_mortality_decomposition/model_ready.py; ../icu-data-platform/artifacts/asic_harmonized/blocked/asic_8h_blocked_dynamic_features.csv; ../icu-data-platform/artifacts/asic_harmonized/cohort/chapter1_retained_stays.csv,Shared primary derived feature; present in primary model-ready table and retained by current baseline feature selection.
platelets_min,shared_primary,standard_labs,yes,config/ch1_feature_sets.json; src/chapter1_mortality_decomposition/config.py; src/chapter1_mortality_decomposition/carry_forward.py; src/chapter1_mortality_decomposition/model_ready.py; ../icu-data-platform/artifacts/asic_harmonized/blocked/asic_8h_blocked_dynamic_features.csv; ../icu-data-platform/artifacts/asic_harmonized/cohort/chapter1_retained_stays.csv,Shared primary derived feature; present in primary model-ready table but excluded by the current medians-only baseline selector.
platelets_obs_count,shared_primary,standard_labs,yes,config/ch1_feature_sets.json; src/chapter1_mortality_decomposition/config.py; src/chapter1_mortality_decomposition/carry_forward.py; src/chapter1_mortality_decomposition/model_ready.py; ../icu-data-platform/artifacts/asic_harmonized/blocked/asic_8h_blocked_dynamic_features.csv; ../icu-data-platform/artifacts/asic_harmonized/cohort/chapter1_retained_stays.csv,Shared primary derived feature; present in primary model-ready table but excluded by the current medians-only baseline selector.
ptt_last,shared_primary,standard_labs,yes,config/ch1_feature_sets.json; src/chapter1_mortality_decomposition/config.py; src/chapter1_mortality_decomposition/carry_forward.py; src/chapter1_mortality_decomposition/model_ready.py; ../icu-data-platform/artifacts/asic_harmonized/blocked/asic_8h_blocked_dynamic_features.csv; ../icu-data-platform/artifacts/asic_harmonized/cohort/chapter1_retained_stays.csv,Shared primary derived feature; present in primary model-ready table but excluded by the current medians-only baseline selector.
ptt_max,shared_primary,standard_labs,yes,config/ch1_feature_sets.json; src/chapter1_mortality_decomposition/config.py; src/chapter1_mortality_decomposition/carry_forward.py; src/chapter1_mortality_decomposition/model_ready.py; ../icu-data-platform/artifacts/asic_harmonized/blocked/asic_8h_blocked_dynamic_features.csv; ../icu-data-platform/artifacts/asic_harmonized/cohort/chapter1_retained_stays.csv,Shared primary derived feature; present in primary model-ready table but excluded by the current medians-only baseline selector.
ptt_mean,shared_primary,standard_labs,yes,config/ch1_feature_sets.json; src/chapter1_mortality_decomposition/config.py; src/chapter1_mortality_decomposition/carry_forward.py; src/chapter1_mortality_decomposition/model_ready.py; ../icu-data-platform/artifacts/asic_harmonized/blocked/asic_8h_blocked_dynamic_features.csv; ../icu-data-platform/artifacts/asic_harmonized/cohort/chapter1_retained_stays.csv,Shared primary derived feature; present in primary model-ready table but excluded by the current medians-only baseline selector.
ptt_median,shared_primary,standard_labs,yes,config/ch1_feature_sets.json; src/chapter1_mortality_decomposition/config.py; src/chapter1_mortality_decomposition/carry_forward.py; src/chapter1_mortality_decomposition/model_ready.py; ../icu-data-platform/artifacts/asic_harmonized/blocked/asic_8h_blocked_dynamic_features.csv; ../icu-data-platform/artifacts/asic_harmonized/cohort/chapter1_retained_stays.csv,Shared primary derived feature; present in primary model-ready table and retained by current baseline feature selection.
ptt_min,shared_primary,standard_labs,yes,config/ch1_feature_sets.json; src/chapter1_mortality_decomposition/config.py; src/chapter1_mortality_decomposition/carry_forward.py; src/chapter1_mortality_decomposition/model_ready.py; ../icu-data-platform/artifacts/asic_harmonized/blocked/asic_8h_blocked_dynamic_features.csv; ../icu-data-platform/artifacts/asic_harmonized/cohort/chapter1_retained_stays.csv,Shared primary derived feature; present in primary model-ready table but excluded by the current medians-only baseline selector.
ptt_obs_count,shared_primary,standard_labs,yes,config/ch1_feature_sets.json; src/chapter1_mortality_decomposition/config.py; src/chapter1_mortality_decomposition/carry_forward.py; src/chapter1_mortality_decomposition/model_ready.py; ../icu-data-platform/artifacts/asic_harmonized/blocked/asic_8h_blocked_dynamic_features.csv; ../icu-data-platform/artifacts/asic_harmonized/cohort/chapter1_retained_stays.csv,Shared primary derived feature; present in primary model-ready table but excluded by the current medians-only baseline selector.
resp_rate_last,shared_primary,fast_bedside_physiology,yes,config/ch1_feature_sets.json; src/chapter1_mortality_decomposition/config.py; src/chapter1_mortality_decomposition/carry_forward.py; src/chapter1_mortality_decomposition/model_ready.py; ../icu-data-platform/artifacts/asic_harmonized/blocked/asic_8h_blocked_dynamic_features.csv; ../icu-data-platform/artifacts/asic_harmonized/cohort/chapter1_retained_stays.csv,Shared primary derived feature; present in primary model-ready table but excluded by the current medians-only baseline selector.
resp_rate_max,shared_primary,fast_bedside_physiology,yes,config/ch1_feature_sets.json; src/chapter1_mortality_decomposition/config.py; src/chapter1_mortality_decomposition/carry_forward.py; src/chapter1_mortality_decomposition/model_ready.py; ../icu-data-platform/artifacts/asic_harmonized/blocked/asic_8h_blocked_dynamic_features.csv; ../icu-data-platform/artifacts/asic_harmonized/cohort/chapter1_retained_stays.csv,Shared primary derived feature; present in primary model-ready table but excluded by the current medians-only baseline selector.
resp_rate_mean,shared_primary,fast_bedside_physiology,yes,config/ch1_feature_sets.json; src/chapter1_mortality_decomposition/config.py; src/chapter1_mortality_decomposition/carry_forward.py; src/chapter1_mortality_decomposition/model_ready.py; ../icu-data-platform/artifacts/asic_harmonized/blocked/asic_8h_blocked_dynamic_features.csv; ../icu-data-platform/artifacts/asic_harmonized/cohort/chapter1_retained_stays.csv,Shared primary derived feature; present in primary model-ready table but excluded by the current medians-only baseline selector.
resp_rate_median,shared_primary,fast_bedside_physiology,yes,config/ch1_feature_sets.json; src/chapter1_mortality_decomposition/config.py; src/chapter1_mortality_decomposition/carry_forward.py; src/chapter1_mortality_decomposition/model_ready.py; ../icu-data-platform/artifacts/asic_harmonized/blocked/asic_8h_blocked_dynamic_features.csv; ../icu-data-platform/artifacts/asic_harmonized/cohort/chapter1_retained_stays.csv,Shared primary derived feature; present in primary model-ready table and retained by current baseline feature selection.
resp_rate_min,shared_primary,fast_bedside_physiology,yes,config/ch1_feature_sets.json; src/chapter1_mortality_decomposition/config.py; src/chapter1_mortality_decomposition/carry_forward.py; src/chapter1_mortality_decomposition/model_ready.py; ../icu-data-platform/artifacts/asic_harmonized/blocked/asic_8h_blocked_dynamic_features.csv; ../icu-data-platform/artifacts/asic_harmonized/cohort/chapter1_retained_stays.csv,Shared primary derived feature; present in primary model-ready table but excluded by the current medians-only baseline selector.
resp_rate_obs_count,shared_primary,fast_bedside_physiology,yes,config/ch1_feature_sets.json; src/chapter1_mortality_decomposition/config.py; src/chapter1_mortality_decomposition/carry_forward.py; src/chapter1_mortality_decomposition/model_ready.py; ../icu-data-platform/artifacts/asic_harmonized/blocked/asic_8h_blocked_dynamic_features.csv; ../icu-data-platform/artifacts/asic_harmonized/cohort/chapter1_retained_stays.csv,Shared primary derived feature; present in primary model-ready table but excluded by the current medians-only baseline selector.
sao2_last,shared_primary,fast_bedside_physiology,yes,config/ch1_feature_sets.json; src/chapter1_mortality_decomposition/config.py; src/chapter1_mortality_decomposition/carry_forward.py; src/chapter1_mortality_decomposition/model_ready.py; ../icu-data-platform/artifacts/asic_harmonized/blocked/asic_8h_blocked_dynamic_features.csv; ../icu-data-platform/artifacts/asic_harmonized/cohort/chapter1_retained_stays.csv,Shared primary derived feature; present in primary model-ready table but excluded by the current medians-only baseline selector.
sao2_max,shared_primary,fast_bedside_physiology,yes,config/ch1_feature_sets.json; src/chapter1_mortality_decomposition/config.py; src/chapter1_mortality_decomposition/carry_forward.py; src/chapter1_mortality_decomposition/model_ready.py; ../icu-data-platform/artifacts/asic_harmonized/blocked/asic_8h_blocked_dynamic_features.csv; ../icu-data-platform/artifacts/asic_harmonized/cohort/chapter1_retained_stays.csv,Shared primary derived feature; present in primary model-ready table but excluded by the current medians-only baseline selector.
sao2_mean,shared_primary,fast_bedside_physiology,yes,config/ch1_feature_sets.json; src/chapter1_mortality_decomposition/config.py; src/chapter1_mortality_decomposition/carry_forward.py; src/chapter1_mortality_decomposition/model_ready.py; ../icu-data-platform/artifacts/asic_harmonized/blocked/asic_8h_blocked_dynamic_features.csv; ../icu-data-platform/artifacts/asic_harmonized/cohort/chapter1_retained_stays.csv,Shared primary derived feature; present in primary model-ready table but excluded by the current medians-only baseline selector.
sao2_median,shared_primary,fast_bedside_physiology,yes,config/ch1_feature_sets.json; src/chapter1_mortality_decomposition/config.py; src/chapter1_mortality_decomposition/carry_forward.py; src/chapter1_mortality_decomposition/model_ready.py; ../icu-data-platform/artifacts/asic_harmonized/blocked/asic_8h_blocked_dynamic_features.csv; ../icu-data-platform/artifacts/asic_harmonized/cohort/chapter1_retained_stays.csv,Shared primary derived feature; present in primary model-ready table and retained by current baseline feature selection.
sao2_min,shared_primary,fast_bedside_physiology,yes,config/ch1_feature_sets.json; src/chapter1_mortality_decomposition/config.py; src/chapter1_mortality_decomposition/carry_forward.py; src/chapter1_mortality_decomposition/model_ready.py; ../icu-data-platform/artifacts/asic_harmonized/blocked/asic_8h_blocked_dynamic_features.csv; ../icu-data-platform/artifacts/asic_harmonized/cohort/chapter1_retained_stays.csv,Shared primary derived feature; present in primary model-ready table but excluded by the current medians-only baseline selector.
sao2_obs_count,shared_primary,fast_bedside_physiology,yes,config/ch1_feature_sets.json; src/chapter1_mortality_decomposition/config.py; src/chapter1_mortality_decomposition/carry_forward.py; src/chapter1_mortality_decomposition/model_ready.py; ../icu-data-platform/artifacts/asic_harmonized/blocked/asic_8h_blocked_dynamic_features.csv; ../icu-data-platform/artifacts/asic_harmonized/cohort/chapter1_retained_stays.csv,Shared primary derived feature; present in primary model-ready table but excluded by the current medians-only baseline selector.
sbp_last,shared_primary,fast_bedside_physiology,yes,config/ch1_feature_sets.json; src/chapter1_mortality_decomposition/config.py; src/chapter1_mortality_decomposition/carry_forward.py; src/chapter1_mortality_decomposition/model_ready.py; ../icu-data-platform/artifacts/asic_harmonized/blocked/asic_8h_blocked_dynamic_features.csv; ../icu-data-platform/artifacts/asic_harmonized/cohort/chapter1_retained_stays.csv,Shared primary derived feature; present in primary model-ready table but excluded by the current medians-only baseline selector.
sbp_max,shared_primary,fast_bedside_physiology,yes,config/ch1_feature_sets.json; src/chapter1_mortality_decomposition/config.py; src/chapter1_mortality_decomposition/carry_forward.py; src/chapter1_mortality_decomposition/model_ready.py; ../icu-data-platform/artifacts/asic_harmonized/blocked/asic_8h_blocked_dynamic_features.csv; ../icu-data-platform/artifacts/asic_harmonized/cohort/chapter1_retained_stays.csv,Shared primary derived feature; present in primary model-ready table but excluded by the current medians-only baseline selector.
sbp_mean,shared_primary,fast_bedside_physiology,yes,config/ch1_feature_sets.json; src/chapter1_mortality_decomposition/config.py; src/chapter1_mortality_decomposition/carry_forward.py; src/chapter1_mortality_decomposition/model_ready.py; ../icu-data-platform/artifacts/asic_harmonized/blocked/asic_8h_blocked_dynamic_features.csv; ../icu-data-platform/artifacts/asic_harmonized/cohort/chapter1_retained_stays.csv,Shared primary derived feature; present in primary model-ready table but excluded by the current medians-only baseline selector.
sbp_median,shared_primary,fast_bedside_physiology,yes,config/ch1_feature_sets.json; src/chapter1_mortality_decomposition/config.py; src/chapter1_mortality_decomposition/carry_forward.py; src/chapter1_mortality_decomposition/model_ready.py; ../icu-data-platform/artifacts/asic_harmonized/blocked/asic_8h_blocked_dynamic_features.csv; ../icu-data-platform/artifacts/asic_harmonized/cohort/chapter1_retained_stays.csv,Shared primary derived feature; present in primary model-ready table and retained by current baseline feature selection.
sbp_min,shared_primary,fast_bedside_physiology,yes,config/ch1_feature_sets.json; src/chapter1_mortality_decomposition/config.py; src/chapter1_mortality_decomposition/carry_forward.py; src/chapter1_mortality_decomposition/model_ready.py; ../icu-data-platform/artifacts/asic_harmonized/blocked/asic_8h_blocked_dynamic_features.csv; ../icu-data-platform/artifacts/asic_harmonized/cohort/chapter1_retained_stays.csv,Shared primary derived feature; present in primary model-ready table but excluded by the current medians-only baseline selector.
sbp_obs_count,shared_primary,fast_bedside_physiology,yes,config/ch1_feature_sets.json; src/chapter1_mortality_decomposition/config.py; src/chapter1_mortality_decomposition/carry_forward.py; src/chapter1_mortality_decomposition/model_ready.py; ../icu-data-platform/artifacts/asic_harmonized/blocked/asic_8h_blocked_dynamic_features.csv; ../icu-data-platform/artifacts/asic_harmonized/cohort/chapter1_retained_stays.csv,Shared primary derived feature; present in primary model-ready table but excluded by the current medians-only baseline selector.
spo2_last,shared_primary,fast_bedside_physiology,yes,config/ch1_feature_sets.json; src/chapter1_mortality_decomposition/config.py; src/chapter1_mortality_decomposition/carry_forward.py; src/chapter1_mortality_decomposition/model_ready.py; ../icu-data-platform/artifacts/asic_harmonized/blocked/asic_8h_blocked_dynamic_features.csv; ../icu-data-platform/artifacts/asic_harmonized/cohort/chapter1_retained_stays.csv,Shared primary derived feature; present in primary model-ready table but excluded by the current medians-only baseline selector.
spo2_max,shared_primary,fast_bedside_physiology,yes,config/ch1_feature_sets.json; src/chapter1_mortality_decomposition/config.py; src/chapter1_mortality_decomposition/carry_forward.py; src/chapter1_mortality_decomposition/model_ready.py; ../icu-data-platform/artifacts/asic_harmonized/blocked/asic_8h_blocked_dynamic_features.csv; ../icu-data-platform/artifacts/asic_harmonized/cohort/chapter1_retained_stays.csv,Shared primary derived feature; present in primary model-ready table but excluded by the current medians-only baseline selector.
spo2_mean,shared_primary,fast_bedside_physiology,yes,config/ch1_feature_sets.json; src/chapter1_mortality_decomposition/config.py; src/chapter1_mortality_decomposition/carry_forward.py; src/chapter1_mortality_decomposition/model_ready.py; ../icu-data-platform/artifacts/asic_harmonized/blocked/asic_8h_blocked_dynamic_features.csv; ../icu-data-platform/artifacts/asic_harmonized/cohort/chapter1_retained_stays.csv,Shared primary derived feature; present in primary model-ready table but excluded by the current medians-only baseline selector.
spo2_median,shared_primary,fast_bedside_physiology,yes,config/ch1_feature_sets.json; src/chapter1_mortality_decomposition/config.py; src/chapter1_mortality_decomposition/carry_forward.py; src/chapter1_mortality_decomposition/model_ready.py; ../icu-data-platform/artifacts/asic_harmonized/blocked/asic_8h_blocked_dynamic_features.csv; ../icu-data-platform/artifacts/asic_harmonized/cohort/chapter1_retained_stays.csv,Shared primary derived feature; present in primary model-ready table and retained by current baseline feature selection.
spo2_min,shared_primary,fast_bedside_physiology,yes,config/ch1_feature_sets.json; src/chapter1_mortality_decomposition/config.py; src/chapter1_mortality_decomposition/carry_forward.py; src/chapter1_mortality_decomposition/model_ready.py; ../icu-data-platform/artifacts/asic_harmonized/blocked/asic_8h_blocked_dynamic_features.csv; ../icu-data-platform/artifacts/asic_harmonized/cohort/chapter1_retained_stays.csv,Shared primary derived feature; present in primary model-ready table but excluded by the current medians-only baseline selector.
spo2_obs_count,shared_primary,fast_bedside_physiology,yes,config/ch1_feature_sets.json; src/chapter1_mortality_decomposition/config.py; src/chapter1_mortality_decomposition/carry_forward.py; src/chapter1_mortality_decomposition/model_ready.py; ../icu-data-platform/artifacts/asic_harmonized/blocked/asic_8h_blocked_dynamic_features.csv; ../icu-data-platform/artifacts/asic_harmonized/cohort/chapter1_retained_stays.csv,Shared primary derived feature; present in primary model-ready table but excluded by the current medians-only baseline selector.
urea_last,shared_primary,slower_labs,yes,config/ch1_feature_sets.json; src/chapter1_mortality_decomposition/config.py; src/chapter1_mortality_decomposition/carry_forward.py; src/chapter1_mortality_decomposition/model_ready.py; ../icu-data-platform/artifacts/asic_harmonized/blocked/asic_8h_blocked_dynamic_features.csv; ../icu-data-platform/artifacts/asic_harmonized/cohort/chapter1_retained_stays.csv,Shared primary derived feature; present in primary model-ready table but excluded by the current medians-only baseline selector.
urea_max,shared_primary,slower_labs,yes,config/ch1_feature_sets.json; src/chapter1_mortality_decomposition/config.py; src/chapter1_mortality_decomposition/carry_forward.py; src/chapter1_mortality_decomposition/model_ready.py; ../icu-data-platform/artifacts/asic_harmonized/blocked/asic_8h_blocked_dynamic_features.csv; ../icu-data-platform/artifacts/asic_harmonized/cohort/chapter1_retained_stays.csv,Shared primary derived feature; present in primary model-ready table but excluded by the current medians-only baseline selector.
urea_mean,shared_primary,slower_labs,yes,config/ch1_feature_sets.json; src/chapter1_mortality_decomposition/config.py; src/chapter1_mortality_decomposition/carry_forward.py; src/chapter1_mortality_decomposition/model_ready.py; ../icu-data-platform/artifacts/asic_harmonized/blocked/asic_8h_blocked_dynamic_features.csv; ../icu-data-platform/artifacts/asic_harmonized/cohort/chapter1_retained_stays.csv,Shared primary derived feature; present in primary model-ready table but excluded by the current medians-only baseline selector.
urea_median,shared_primary,slower_labs,yes,config/ch1_feature_sets.json; src/chapter1_mortality_decomposition/config.py; src/chapter1_mortality_decomposition/carry_forward.py; src/chapter1_mortality_decomposition/model_ready.py; ../icu-data-platform/artifacts/asic_harmonized/blocked/asic_8h_blocked_dynamic_features.csv; ../icu-data-platform/artifacts/asic_harmonized/cohort/chapter1_retained_stays.csv,Shared primary derived feature; present in primary model-ready table and retained by current baseline feature selection.
urea_min,shared_primary,slower_labs,yes,config/ch1_feature_sets.json; src/chapter1_mortality_decomposition/config.py; src/chapter1_mortality_decomposition/carry_forward.py; src/chapter1_mortality_decomposition/model_ready.py; ../icu-data-platform/artifacts/asic_harmonized/blocked/asic_8h_blocked_dynamic_features.csv; ../icu-data-platform/artifacts/asic_harmonized/cohort/chapter1_retained_stays.csv,Shared primary derived feature; present in primary model-ready table but excluded by the current medians-only baseline selector.
urea_obs_count,shared_primary,slower_labs,yes,config/ch1_feature_sets.json; src/chapter1_mortality_decomposition/config.py; src/chapter1_mortality_decomposition/carry_forward.py; src/chapter1_mortality_decomposition/model_ready.py; ../icu-data-platform/artifacts/asic_harmonized/blocked/asic_8h_blocked_dynamic_features.csv; ../icu-data-platform/artifacts/asic_harmonized/cohort/chapter1_retained_stays.csv,Shared primary derived feature; present in primary model-ready table but excluded by the current medians-only baseline selector.
vt_last,shared_primary,ventilator_variables,yes,config/ch1_feature_sets.json; src/chapter1_mortality_decomposition/config.py; src/chapter1_mortality_decomposition/carry_forward.py; src/chapter1_mortality_decomposition/model_ready.py; ../icu-data-platform/artifacts/asic_harmonized/blocked/asic_8h_blocked_dynamic_features.csv; ../icu-data-platform/artifacts/asic_harmonized/cohort/chapter1_retained_stays.csv,Shared primary derived feature; present in primary model-ready table but excluded by the current medians-only baseline selector.
vt_max,shared_primary,ventilator_variables,yes,config/ch1_feature_sets.json; src/chapter1_mortality_decomposition/config.py; src/chapter1_mortality_decomposition/carry_forward.py; src/chapter1_mortality_decomposition/model_ready.py; ../icu-data-platform/artifacts/asic_harmonized/blocked/asic_8h_blocked_dynamic_features.csv; ../icu-data-platform/artifacts/asic_harmonized/cohort/chapter1_retained_stays.csv,Shared primary derived feature; present in primary model-ready table but excluded by the current medians-only baseline selector.
vt_mean,shared_primary,ventilator_variables,yes,config/ch1_feature_sets.json; src/chapter1_mortality_decomposition/config.py; src/chapter1_mortality_decomposition/carry_forward.py; src/chapter1_mortality_decomposition/model_ready.py; ../icu-data-platform/artifacts/asic_harmonized/blocked/asic_8h_blocked_dynamic_features.csv; ../icu-data-platform/artifacts/asic_harmonized/cohort/chapter1_retained_stays.csv,Shared primary derived feature; present in primary model-ready table but excluded by the current medians-only baseline selector.
vt_median,shared_primary,ventilator_variables,yes,config/ch1_feature_sets.json; src/chapter1_mortality_decomposition/config.py; src/chapter1_mortality_decomposition/carry_forward.py; src/chapter1_mortality_decomposition/model_ready.py; ../icu-data-platform/artifacts/asic_harmonized/blocked/asic_8h_blocked_dynamic_features.csv; ../icu-data-platform/artifacts/asic_harmonized/cohort/chapter1_retained_stays.csv,Shared primary derived feature; present in primary model-ready table and retained by current baseline feature selection.
vt_min,shared_primary,ventilator_variables,yes,config/ch1_feature_sets.json; src/chapter1_mortality_decomposition/config.py; src/chapter1_mortality_decomposition/carry_forward.py; src/chapter1_mortality_decomposition/model_ready.py; ../icu-data-platform/artifacts/asic_harmonized/blocked/asic_8h_blocked_dynamic_features.csv; ../icu-data-platform/artifacts/asic_harmonized/cohort/chapter1_retained_stays.csv,Shared primary derived feature; present in primary model-ready table but excluded by the current medians-only baseline selector.
vt_obs_count,shared_primary,ventilator_variables,yes,config/ch1_feature_sets.json; src/chapter1_mortality_decomposition/config.py; src/chapter1_mortality_decomposition/carry_forward.py; src/chapter1_mortality_decomposition/model_ready.py; ../icu-data-platform/artifacts/asic_harmonized/blocked/asic_8h_blocked_dynamic_features.csv; ../icu-data-platform/artifacts/asic_harmonized/cohort/chapter1_retained_stays.csv,Shared primary derived feature; present in primary model-ready table but excluded by the current medians-only baseline selector.
vt_per_kg_ibw_last,shared_primary,ventilator_variables,yes,config/ch1_feature_sets.json; src/chapter1_mortality_decomposition/config.py; src/chapter1_mortality_decomposition/carry_forward.py; src/chapter1_mortality_decomposition/model_ready.py; ../icu-data-platform/artifacts/asic_harmonized/blocked/asic_8h_blocked_dynamic_features.csv; ../icu-data-platform/artifacts/asic_harmonized/cohort/chapter1_retained_stays.csv,Shared primary derived feature; present in primary model-ready table but excluded by the current medians-only baseline selector.
vt_per_kg_ibw_max,shared_primary,ventilator_variables,yes,config/ch1_feature_sets.json; src/chapter1_mortality_decomposition/config.py; src/chapter1_mortality_decomposition/carry_forward.py; src/chapter1_mortality_decomposition/model_ready.py; ../icu-data-platform/artifacts/asic_harmonized/blocked/asic_8h_blocked_dynamic_features.csv; ../icu-data-platform/artifacts/asic_harmonized/cohort/chapter1_retained_stays.csv,Shared primary derived feature; present in primary model-ready table but excluded by the current medians-only baseline selector.
vt_per_kg_ibw_mean,shared_primary,ventilator_variables,yes,config/ch1_feature_sets.json; src/chapter1_mortality_decomposition/config.py; src/chapter1_mortality_decomposition/carry_forward.py; src/chapter1_mortality_decomposition/model_ready.py; ../icu-data-platform/artifacts/asic_harmonized/blocked/asic_8h_blocked_dynamic_features.csv; ../icu-data-platform/artifacts/asic_harmonized/cohort/chapter1_retained_stays.csv,Shared primary derived feature; present in primary model-ready table but excluded by the current medians-only baseline selector.
vt_per_kg_ibw_median,shared_primary,ventilator_variables,yes,config/ch1_feature_sets.json; src/chapter1_mortality_decomposition/config.py; src/chapter1_mortality_decomposition/carry_forward.py; src/chapter1_mortality_decomposition/model_ready.py; ../icu-data-platform/artifacts/asic_harmonized/blocked/asic_8h_blocked_dynamic_features.csv; ../icu-data-platform/artifacts/asic_harmonized/cohort/chapter1_retained_stays.csv,Shared primary derived feature; present in primary model-ready table and retained by current baseline feature selection.
vt_per_kg_ibw_min,shared_primary,ventilator_variables,yes,config/ch1_feature_sets.json; src/chapter1_mortality_decomposition/config.py; src/chapter1_mortality_decomposition/carry_forward.py; src/chapter1_mortality_decomposition/model_ready.py; ../icu-data-platform/artifacts/asic_harmonized/blocked/asic_8h_blocked_dynamic_features.csv; ../icu-data-platform/artifacts/asic_harmonized/cohort/chapter1_retained_stays.csv,Shared primary derived feature; present in primary model-ready table but excluded by the current medians-only baseline selector.
vt_per_kg_ibw_obs_count,shared_primary,ventilator_variables,yes,config/ch1_feature_sets.json; src/chapter1_mortality_decomposition/config.py; src/chapter1_mortality_decomposition/carry_forward.py; src/chapter1_mortality_decomposition/model_ready.py; ../icu-data-platform/artifacts/asic_harmonized/blocked/asic_8h_blocked_dynamic_features.csv; ../icu-data-platform/artifacts/asic_harmonized/cohort/chapter1_retained_stays.csv,Shared primary derived feature; present in primary model-ready table but excluded by the current medians-only baseline selector.
wbc_last,shared_primary,standard_labs,yes,config/ch1_feature_sets.json; src/chapter1_mortality_decomposition/config.py; src/chapter1_mortality_decomposition/carry_forward.py; src/chapter1_mortality_decomposition/model_ready.py; ../icu-data-platform/artifacts/asic_harmonized/blocked/asic_8h_blocked_dynamic_features.csv; ../icu-data-platform/artifacts/asic_harmonized/cohort/chapter1_retained_stays.csv,Shared primary derived feature; present in primary model-ready table but excluded by the current medians-only baseline selector.
wbc_max,shared_primary,standard_labs,yes,config/ch1_feature_sets.json; src/chapter1_mortality_decomposition/config.py; src/chapter1_mortality_decomposition/carry_forward.py; src/chapter1_mortality_decomposition/model_ready.py; ../icu-data-platform/artifacts/asic_harmonized/blocked/asic_8h_blocked_dynamic_features.csv; ../icu-data-platform/artifacts/asic_harmonized/cohort/chapter1_retained_stays.csv,Shared primary derived feature; present in primary model-ready table but excluded by the current medians-only baseline selector.
wbc_mean,shared_primary,standard_labs,yes,config/ch1_feature_sets.json; src/chapter1_mortality_decomposition/config.py; src/chapter1_mortality_decomposition/carry_forward.py; src/chapter1_mortality_decomposition/model_ready.py; ../icu-data-platform/artifacts/asic_harmonized/blocked/asic_8h_blocked_dynamic_features.csv; ../icu-data-platform/artifacts/asic_harmonized/cohort/chapter1_retained_stays.csv,Shared primary derived feature; present in primary model-ready table but excluded by the current medians-only baseline selector.
wbc_median,shared_primary,standard_labs,yes,config/ch1_feature_sets.json; src/chapter1_mortality_decomposition/config.py; src/chapter1_mortality_decomposition/carry_forward.py; src/chapter1_mortality_decomposition/model_ready.py; ../icu-data-platform/artifacts/asic_harmonized/blocked/asic_8h_blocked_dynamic_features.csv; ../icu-data-platform/artifacts/asic_harmonized/cohort/chapter1_retained_stays.csv,Shared primary derived feature; present in primary model-ready table and retained by current baseline feature selection.
wbc_min,shared_primary,standard_labs,yes,config/ch1_feature_sets.json; src/chapter1_mortality_decomposition/config.py; src/chapter1_mortality_decomposition/carry_forward.py; src/chapter1_mortality_decomposition/model_ready.py; ../icu-data-platform/artifacts/asic_harmonized/blocked/asic_8h_blocked_dynamic_features.csv; ../icu-data-platform/artifacts/asic_harmonized/cohort/chapter1_retained_stays.csv,Shared primary derived feature; present in primary model-ready table but excluded by the current medians-only baseline selector.
wbc_obs_count,shared_primary,standard_labs,yes,config/ch1_feature_sets.json; src/chapter1_mortality_decomposition/config.py; src/chapter1_mortality_decomposition/carry_forward.py; src/chapter1_mortality_decomposition/model_ready.py; ../icu-data-platform/artifacts/asic_harmonized/blocked/asic_8h_blocked_dynamic_features.csv; ../icu-data-platform/artifacts/asic_harmonized/cohort/chapter1_retained_stays.csv,Shared primary derived feature; present in primary model-ready table but excluded by the current medians-only baseline selector.
